USAF,WBAN,ObservationDate,TemperatureF,DewPointF,SeaLevelPressureMB,StationPressureMB,VisibilityFeet,MeanWindSpeedMPH,MaxWindSpeedMPH,MaxGustSpeedMPH,MaxTemperatureF,MinTemperatureF,PreciptitationInches
107380,99999,19900101,23.8,22.0,,,1.6,0.6,1.9,,35.6,15.8,0.0
107380,99999,19900102,24.7,23.1,,,1.9,1.1,5.1,,35.6,16.9,0.0
107380,99999,19900103,29.4,28.1,,,2.5,3.7,7.0,,30.7,24.1,0.0
107380,99999,19900104,28.3,24.9,,,4.2,3.5,6.0,,32.0,19.4,0.0
107380,99999,19900105,27.3,25.9,,,2.7,1.6,5.1,,32.0,18.5,0.0
107380,99999,19900106,31.5,30.2,,,2.4,1.6,5.1,,39.2,26.6,0.19
107380,99999,19900107,29.9,27.2,,,4.8,3.0,5.1,,36.3,23.0,0.0
107380,99999,19900108,29.0,27.3,,,2.4,2.3,4.1,,33.8,22.6,0.0
107380,99999,19900109,30.4,30.0,,,0.9,1.7,4.1,,32.5,24.8,0.0
107380,99999,19900110,28.8,28.8,,,0.5,2.6,6.0,,30.2,27.7,0.0
107380,99999,19900111,27.0,26.5,,,0.8,3.4,6.0,,28.8,23.0,0.0
107380,99999,19900112,23.7,22.8,,,1.1,1.5,4.1,,32.0,19.0,0.0
107380,99999,19900113,23.4,21.9,,,1.6,0.8,1.9,,34.5,14.0,0.0
107380,99999,19900114,24.6,23.1,,,1.9,1.5,2.9,,35.6,15.8,0.0
107380,99999,19900115,34.9,29.0,,,5.2,4.2,9.9,,44.6,22.8,0.0
107380,99999,19900116,43.2,38.7,,,7.0,5.3,9.9,,46.8,37.4,0.08
107380,99999,19900117,43.1,39.7,,,7.6,6.4,11.1,,46.4,35.6,0.0
107380,99999,19900118,35.5,31.5,,,5.8,2.6,8.9,,41.0,26.6,0.07
107380,99999,19900119,31.0,26.6,,,6.6,2.7,8.0,,39.6,23.0,0.0
107380,99999,19900120,38.9,28.9,,,7.8,7.2,13.0,,43.2,29.8,0.0
107380,99999,19900121,42.1,37.1,,,7.4,5.0,9.9,,46.9,35.1,0.0
107380,99999,19900122,36.9,34.0,,,6.2,2.0,7.0,,43.0,30.2,0.0
107380,99999,19900123,39.1,27.8,,,6.1,3.4,8.9,,51.8,26.6,0.0
107380,99999,19900124,44.1,36.4,,,8.4,12.6,25.1,44.1,50.0,37.4,0.03
107380,99999,19900125,46.3,39.0,,,7.3,13.2,29.9,53.0,55.9,37.4,0.11
107380,99999,19900126,41.7,31.3,,,7.3,13.1,22.0,53.0,46.4,33.8,0.25
107380,99999,19900127,41.2,30.6,,,8.1,7.2,14.0,25.1,50.0,32.0,0.0
107380,99999,19900128,40.8,32.2,,,7.3,6.3,19.0,25.1,50.0,32.4,0.0
107380,99999,19900129,37.1,32.3,,,6.9,3.6,8.0,,46.4,30.2,0.0
107380,99999,19900130,38.8,32.7,,,6.7,4.3,12.0,,48.7,28.4,0.0
107380,99999,19900131,40.9,34.0,,,7.5,2.1,5.1,,53.6,31.8,0.0
107380,99999,19900201,41.1,34.2,,,7.4,2.8,7.0,,55.4,32.5,0.0
107380,99999,19900202,39.2,34.2,,,6.7,5.9,19.0,28.0,48.9,31.6,0.0
107380,99999,19900203,41.3,32.0,,,7.1,8.9,33.0,49.9,54.1,27.9,0.0
107380,99999,19900204,41.6,29.3,,,8.2,5.0,16.9,49.9,52.3,30.2,0.0
107380,99999,19900205,35.7,27.6,,,7.0,1.5,5.1,,55.4,24.8,0.0
107380,99999,19900206,35.0,28.3,,,6.8,1.5,2.9,,53.6,21.2,0.0
107380,99999,19900207,44.2,33.4,,,6.2,5.0,11.1,,59.0,28.4,0.0
107380,99999,19900208,51.6,38.2,,,7.4,12.0,24.1,35.0,59.7,39.2,0.02
107380,99999,19900209,38.6,30.1,,,7.8,5.9,11.1,25.1,46.2,28.4,0.0
107380,99999,19900210,35.3,28.6,,,6.9,4.5,13.0,25.1,46.4,22.1,0.12
107380,99999,19900211,39.6,32.2,,,7.1,8.8,18.1,28.9,44.6,34.9,0.14
107380,99999,19900212,37.1,31.1,,,7.7,10.8,19.0,28.9,41.2,32.0,0.04
107380,99999,19900213,35.8,32.8,,,5.4,6.5,17.1,26.0,42.8,32.0,0.25
107380,99999,19900214,41.1,36.1,,,5.4,13.6,35.9,73.0,50.4,33.1,0.09
107380,99999,19900215,42.6,36.3,,,6.1,17.6,34.0,59.1,51.8,33.1,1.11
107380,99999,19900216,35.0,26.9,,,7.5,5.3,13.0,34.0,41.0,28.4,0.42
107380,99999,19900217,38.3,32.6,,,7.6,2.9,12.0,,50.5,24.8,0.0
107380,99999,19900218,47.1,40.9,,,6.9,4.0,9.9,,59.0,37.4,0.01
107380,99999,19900219,45.3,40.7,,,6.8,1.7,6.0,,55.9,35.6,0.0
107380,99999,19900220,47.7,39.4,,,6.6,2.2,6.0,,65.1,34.7,0.0
107380,99999,19900221,47.5,39.7,,,6.4,3.8,9.9,,61.5,33.6,0.0
107380,99999,19900222,49.4,42.2,,,6.1,3.8,8.0,,60.8,38.5,0.0
107380,99999,19900223,46.3,40.1,,,5.0,2.3,5.1,,62.6,35.6,0.0
107380,99999,19900224,49.2,37.2,,,5.1,2.8,7.0,,69.8,33.1,0.0
107380,99999,19900225,53.2,36.3,,,6.4,5.9,26.0,48.0,67.8,35.6,0.0
107380,99999,19900226,49.3,37.9,,,6.7,20.9,34.0,55.0,55.4,39.2,0.0
107380,99999,19900227,41.1,34.6,,,6.4,21.6,29.9,52.1,46.9,35.4,0.38
107380,99999,19900228,41.7,34.5,,,7.1,18.0,25.1,46.0,48.2,35.6,0.57
107380,99999,19900301,38.8,29.3,,,7.8,18.7,36.9,67.0,48.2,31.6,0.4
107380,99999,19900302,32.9,29.2,,,6.4,9.6,17.1,28.0,38.1,29.7,0.0
107380,99999,19900303,32.8,26.9,,,7.3,6.8,12.0,,39.2,26.6,0.01
107380,99999,19900304,37.3,28.2,,,6.7,6.6,12.0,,44.6,26.6,0.0
107380,99999,19900305,39.4,29.0,,,6.6,4.9,8.9,,50.0,30.0,0.0
107380,99999,19900306,44.2,25.7,,,6.5,8.1,15.0,,53.8,31.5,0.0
107380,99999,19900307,43.5,32.2,,,6.7,3.7,8.0,,55.4,33.6,0.0
107380,99999,19900308,43.8,29.4,,,5.8,4.9,17.1,26.0,64.4,28.4,0.0
107380,99999,19900309,50.8,36.4,,,7.2,13.7,22.9,35.9,55.9,37.6,0.0
107380,99999,19900310,48.6,39.3,,,7.7,12.2,21.0,31.1,52.2,44.6,0.0
107380,99999,19900311,54.5,41.9,,,7.0,4.1,9.9,,68.0,42.8,0.0
107380,99999,19900312,49.7,40.4,,,7.2,2.6,8.0,,60.8,40.6,0.0
107380,99999,19900313,46.5,33.4,,,6.2,2.8,6.0,,61.2,31.8,0.0
107380,99999,19900314,45.5,40.9,,,3.4,2.5,8.9,,51.8,38.7,0.04
107380,99999,19900315,46.3,39.7,,,3.6,2.6,7.0,,59.0,37.4,0.0
107380,99999,19900316,43.7,35.4,,,4.0,2.6,7.0,,61.9,31.8,0.0
107380,99999,19900317,45.8,33.8,,,5.1,3.4,8.0,,64.4,29.8,0.0
107380,99999,19900318,48.0,36.5,,,5.0,2.0,6.0,,64.4,32.0,0.0
107380,99999,19900319,49.3,36.4,,,5.2,2.3,6.0,,64.4,35.1,0.0
107380,99999,19900320,50.6,40.2,,,6.7,6.6,13.0,,57.6,40.3,0.0
107380,99999,19900321,57.4,41.0,,,6.5,7.0,17.1,28.0,69.8,44.6,0.0
107380,99999,19900322,58.3,42.1,,,6.1,6.5,17.1,21.0,73.4,44.6,0.0
107380,99999,19900323,46.7,36.9,,,6.0,4.1,11.1,,55.4,37.4,0.06
107380,99999,19900324,45.5,35.2,,,5.8,3.4,11.1,,59.2,30.2,0.0
107380,99999,19900325,42.1,30.2,,,6.9,10.8,20.0,29.9,46.4,33.6,0.04
107380,99999,19900326,38.6,30.0,,,7.6,5.6,8.9,,44.6,35.6,0.0
107380,99999,19900327,39.8,29.8,,,6.0,6.4,14.0,,46.4,29.8,0.0
107380,99999,19900328,36.6,33.6,,,3.4,4.5,9.9,,41.0,33.8,0.12
107380,99999,19900329,40.4,37.7,,,2.5,3.2,7.0,,43.3,35.6,0.14
107380,99999,19900330,46.4,41.4,,,2.8,4.3,8.0,,53.6,39.2,0.0
107380,99999,19900331,47.5,38.0,,,4.1,3.8,9.9,,62.6,33.1,0.0
107380,99999,19900401,51.3,40.3,,,5.9,3.4,8.0,,66.2,36.9,0.0
107380,99999,19900402,50.4,39.1,,,4.8,2.2,6.0,,64.4,34.7,0.0
107380,99999,19900403,49.9,38.1,,,6.6,9.1,18.1,25.1,59.0,39.0,0.0
107380,99999,19900404,41.9,26.8,,,6.9,6.2,11.1,20.0,50.2,35.1,0.05
107380,99999,19900405,41.4,31.7,,,6.8,5.0,11.1,,46.9,37.4,0.0
107380,99999,19900406,40.5,37.1,,,3.8,6.7,9.9,,43.0,37.2,0.05
107380,99999,19900407,40.9,36.7,,,3.1,6.6,11.1,,43.5,37.4,0.01
107380,99999,19900408,38.4,34.6,,,4.2,9.3,14.0,,41.0,36.5,0.02
107380,99999,19900409,39.5,26.1,,,6.5,7.0,13.0,,44.6,33.8,0.02
107380,99999,19900410,42.8,24.6,,,6.4,5.0,8.9,,52.5,35.4,0.0
107380,99999,19900411,43.2,34.1,,,6.4,10.5,15.0,25.1,48.9,37.4,0.09
107380,99999,19900412,43.5,32.4,,,7.0,5.1,9.9,,50.5,35.6,0.06
107380,99999,19900413,46.0,38.1,,,6.9,2.9,7.0,,57.2,33.1,0.0
107380,99999,19900414,45.2,38.7,,,7.2,6.0,13.0,,51.8,37.4,0.03
107380,99999,19900415,42.0,33.3,,,7.1,9.7,18.1,31.1,50.0,32.0,0.0
107380,99999,19900416,42.2,34.6,,,7.5,7.4,19.0,28.9,50.0,35.2,0.04
107380,99999,19900417,43.0,35.5,,,8.5,6.6,11.1,,50.2,35.6,0.02
107380,99999,19900418,40.6,33.0,1017.8,967.1,8.5,3.0,7.0,,48.4,35.2,0.32
107380,99999,19900419,42.5,32.7,,,6.9,3.1,6.0,,52.2,33.6,0.0
107380,99999,19900420,46.3,37.6,,,5.7,5.5,13.0,,56.1,37.0,0.02
107380,99999,19900421,51.0,38.5,,,7.1,5.1,9.9,,60.8,42.8,0.0
107380,99999,19900422,47.7,42.2,,,5.8,2.9,8.0,,55.4,41.0,0.03
107380,99999,19900423,46.8,43.7,,,3.7,3.9,8.9,,53.6,44.6,0.1
107380,99999,19900424,48.4,43.7,,,5.1,4.4,8.0,,55.4,44.2,1.33
107380,99999,19900425,48.7,41.2,,,6.2,6.2,13.0,,56.3,42.1,0.0
107380,99999,19900426,50.0,41.9,,,6.3,3.7,7.0,,59.0,42.8,0.0
107380,99999,19900427,48.8,42.5,,,6.7,8.5,18.1,26.0,55.4,43.9,0.13
107380,99999,19900428,45.9,34.9,,,6.5,4.4,8.0,,52.0,40.8,0.01
107380,99999,19900429,49.4,36.4,,,6.6,5.0,9.9,,61.5,35.6,0.0
107380,99999,19900430,54.4,42.0,,,6.9,4.3,8.9,,68.0,38.5,0.0
107380,99999,19900501,59.0,44.9,,,6.3,4.8,11.1,,73.4,42.8,0.0
107380,99999,19900502,62.7,45.6,,,7.6,9.1,21.0,28.9,74.1,50.0,0.0
107380,99999,19900503,60.1,39.7,,,6.2,8.1,17.1,,71.6,49.3,0.0
107380,99999,19900504,61.0,40.6,,,7.2,7.8,15.9,,73.4,46.4,0.0
107380,99999,19900505,62.9,44.1,,,6.9,5.4,13.0,,77.0,48.2,0.0
107380,99999,19900506,58.4,44.9,,,7.3,4.1,13.0,,74.1,44.2,0.0
107380,99999,19900507,56.2,47.6,,,6.9,3.0,17.1,28.9,70.5,44.6,0.0
107380,99999,19900508,56.9,49.6,,,7.7,2.9,11.1,,66.4,50.0,0.15
107380,99999,19900509,58.4,49.4,,,6.4,3.4,11.1,,70.3,44.6,0.0
107380,99999,19900510,58.7,48.7,,,7.0,3.6,22.0,32.1,72.1,46.4,0.02
107380,99999,19900511,54.0,48.6,,,6.0,4.0,8.0,,60.8,48.2,0.11
107380,99999,19900512,54.2,43.1,,,6.6,4.1,9.9,,66.2,44.6,0.54
107380,99999,19900513,55.9,44.8,,,6.1,3.6,8.9,,66.6,41.0,0.0
107380,99999,19900514,57.6,44.3,,,6.7,3.2,8.0,,68.0,46.4,0.0
107380,99999,19900515,61.1,46.5,,,6.8,2.5,8.0,,71.6,45.9,0.0
107380,99999,19900516,63.9,51.8,,,7.2,2.5,12.0,,73.9,53.1,0.0
107380,99999,19900517,63.1,48.3,,,7.0,4.4,9.9,,74.1,53.6,0.01
107380,99999,19900518,59.5,45.5,,,6.9,4.4,8.0,,68.0,48.2,0.0
107380,99999,19900519,59.9,44.2,,,6.7,3.9,8.0,,70.0,48.2,0.0
107380,99999,19900520,60.6,42.3,,,6.8,4.8,8.9,,71.6,47.7,0.0
107380,99999,19900521,56.8,47.6,,,6.1,3.0,9.9,,66.7,47.8,0.08
107380,99999,19900522,60.5,49.9,,,4.8,3.2,8.9,15.0,71.6,48.2,0.0
107380,99999,19900523,60.4,51.8,,,6.9,2.7,7.0,,72.0,50.0,3.9
107380,99999,19900524,57.8,53.3,,,3.9,4.1,9.9,,68.0,50.0,0.05
107380,99999,19900525,53.3,41.9,,,6.8,7.0,11.1,,59.2,46.4,1.11
107380,99999,19900526,52.1,35.7,,,6.5,4.6,8.0,,60.8,41.0,0.0
107380,99999,19900527,53.6,36.0,,,6.3,4.2,8.9,17.1,64.4,40.1,0.0
107380,99999,19900528,52.0,35.1,1024.3,974.5,8.2,5.6,12.0,19.0,60.8,41.0,0.0
107380,99999,19900529,50.2,32.9,,,8.0,2.4,5.1,,60.8,35.6,0.0
107380,99999,19900530,54.1,33.2,,,7.2,2.6,7.0,,66.2,35.6,0.0
107380,99999,19900531,57.7,36.1,,,6.7,2.1,5.1,,70.9,39.2,0.0
107380,99999,19900601,62.8,42.0,,,6.5,2.2,5.1,,77.2,43.9,0.0
107380,99999,19900602,56.4,47.5,,,6.3,6.0,17.1,26.0,62.6,48.2,0.75
107380,99999,19900603,54.1,46.3,,,7.0,4.7,9.9,26.0,61.2,48.2,0.12
107380,99999,19900604,55.9,43.8,,,6.7,9.9,17.1,35.0,62.6,48.2,0.12
107380,99999,19900605,56.9,43.7,,,8.9,2.4,7.0,,66.2,45.7,0.0
107380,99999,19900606,55.4,48.3,,,6.0,2.6,7.0,,59.0,50.0,0.03
107380,99999,19900607,58.4,51.0,,,7.8,4.9,9.9,,63.7,53.6,0.0
107380,99999,19900608,54.4,47.8,,,7.0,6.3,15.0,,59.4,47.3,0.18
107380,99999,19900609,51.6,43.4,,,7.4,6.1,15.0,,59.0,46.4,0.33
107380,99999,19900610,50.6,45.7,,,6.5,6.0,14.0,,57.2,45.5,0.16
107380,99999,19900611,56.2,48.1,,,5.7,5.6,8.9,,64.4,50.7,0.13
107380,99999,19900612,55.8,49.0,,,5.6,4.4,8.9,,61.2,50.0,0.0
107380,99999,19900613,53.1,49.2,,,4.5,5.7,8.9,,55.4,50.0,0.05
107380,99999,19900614,53.5,49.6,,,3.7,3.6,7.0,,59.0,50.0,0.0
107380,99999,19900615,56.1,50.2,,,5.2,4.3,9.9,,61.0,50.0,0.0
107380,99999,19900616,58.1,47.6,,,5.3,3.4,9.9,,66.0,48.2,0.0
107380,99999,19900617,61.0,46.5,,,5.5,2.4,6.0,,73.4,44.6,0.0
107380,99999,19900618,59.6,51.7,,,6.6,3.6,8.9,,70.3,49.8,0.02
107380,99999,19900619,65.5,52.7,,,7.4,3.4,22.0,38.1,78.8,49.6,0.0
107380,99999,19900620,60.8,56.0,,,7.4,3.4,8.9,38.1,66.9,56.5,0.06
107380,99999,19900621,61.6,50.4,,,7.0,3.7,8.0,,70.5,52.7,0.17
107380,99999,19900622,58.8,48.2,,,7.7,7.2,17.1,28.0,63.0,51.8,0.0
107380,99999,19900623,57.3,46.8,,,7.7,5.6,13.0,,66.2,51.8,0.17
107380,99999,19900624,58.8,51.2,1021.3,972.3,10.1,3.5,8.0,,68.0,51.8,0.02
107380,99999,19900625,64.7,53.4,,,6.1,2.6,5.1,,77.0,50.0,0.06
107380,99999,19900626,70.3,55.3,,,6.7,3.5,7.0,,84.2,52.9,0.0
107380,99999,19900627,68.2,60.6,1014.2,966.2,7.1,4.0,19.0,28.9,82.4,58.5,0.39
107380,99999,19900628,64.8,59.9,,,6.6,2.8,7.0,26.0,71.6,58.8,0.35
107380,99999,19900629,67.3,59.0,,,7.0,3.7,15.0,29.9,84.2,53.6,0.39
107380,99999,19900630,69.7,59.9,,,7.3,3.4,12.0,,82.4,56.8,0.12
107380,99999,19900701,61.9,49.4,,,6.5,8.6,19.0,26.0,66.9,51.8,0.16
107380,99999,19900702,58.3,47.9,,,7.7,3.7,7.0,,66.2,50.0,0.0
107380,99999,19900703,53.9,50.7,1013.2,963.8,4.7,4.6,8.9,,57.9,50.0,0.06
107380,99999,19900704,58.7,48.2,,,6.9,4.1,7.0,,66.2,51.8,0.38
107380,99999,19900705,58.6,52.0,,,8.2,6.7,14.0,24.1,64.8,55.0,0.07
107380,99999,19900706,53.8,47.6,,,7.3,9.9,19.0,29.9,60.8,48.2,0.29
107380,99999,19900707,54.1,48.1,1021.5,971.9,7.2,5.7,9.9,,59.9,45.7,0.06
107380,99999,19900708,61.7,57.1,,,7.3,6.6,11.1,,68.0,54.1,0.3
107380,99999,19900709,65.4,57.6,,,8.6,7.7,15.9,24.1,74.8,56.8,0.01
107380,99999,19900710,56.4,46.0,,,7.1,8.4,15.0,28.0,61.3,48.2,0.02
107380,99999,19900711,56.7,45.8,1027.4,977.7,9.0,3.7,7.0,,66.9,44.2,0.0
107380,99999,19900712,62.6,47.8,,,6.5,5.1,9.9,,77.0,46.4,0.0
107380,99999,19900713,68.1,53.4,,,6.7,3.6,8.9,,81.3,50.0,0.0
107380,99999,19900714,64.8,49.1,,,6.5,5.6,8.0,,74.1,53.6,0.0
107380,99999,19900715,64.0,43.0,,,7.6,2.2,7.0,,78.8,48.0,0.0
107380,99999,19900716,68.1,51.5,,,6.6,3.9,9.9,,84.2,49.6,0.0
107380,99999,19900717,66.1,53.6,,,6.2,7.8,12.0,,71.6,55.4,0.0
107380,99999,19900718,58.4,47.3,,,6.7,5.1,8.9,,66.2,51.1,0.0
107380,99999,19900719,60.4,47.9,,,6.4,3.6,8.0,,72.7,49.5,0.0
107380,99999,19900720,64.7,48.5,,,6.4,2.2,9.9,,78.8,47.5,0.0
107380,99999,19900721,69.7,51.9,,,6.5,2.9,5.1,,84.2,51.8,0.0
107380,99999,19900722,70.0,53.1,,,6.3,4.0,8.0,,81.1,56.7,0.0
107380,99999,19900723,65.7,44.8,,,6.7,5.2,11.1,,77.0,55.4,0.0
107380,99999,19900724,61.4,42.9,,,6.9,3.9,7.0,,72.0,48.2,0.0
107380,99999,19900725,63.0,44.2,,,6.7,3.5,6.0,,75.2,48.0,0.0
107380,99999,19900726,66.1,47.5,,,6.7,3.8,8.9,,78.8,51.8,0.0
107380,99999,19900727,69.3,47.9,,,6.5,3.5,7.0,,84.4,51.1,0.0
107380,99999,19900728,73.7,49.8,,,6.4,3.2,8.9,,89.6,56.8,0.0
107380,99999,19900729,73.2,56.8,,,6.8,4.4,9.9,,83.3,62.2,0.0
107380,99999,19900730,70.8,59.1,,,4.7,3.6,8.0,,78.8,62.6,0.0
107380,99999,19900731,71.2,57.4,,,5.3,4.0,8.0,,78.8,62.1,0.0
107380,99999,19900801,72.4,58.7,,,5.2,4.6,11.1,,84.2,60.8,0.28
107380,99999,19900802,73.8,52.6,,,6.5,4.9,11.1,,88.3,59.0,0.0
107380,99999,19900803,73.1,48.6,,,6.5,4.2,9.9,,89.6,57.2,0.0
107380,99999,19900804,72.8,49.4,,,6.5,2.9,9.9,,88.2,54.5,0.0
107380,99999,19900805,74.8,53.0,,,6.8,4.8,13.0,26.0,92.5,57.2,0.0
107380,99999,19900806,63.5,53.1,,,5.4,5.2,11.1,26.0,70.2,55.4,0.17
107380,99999,19900807,58.2,44.6,,,7.1,5.4,11.1,,66.2,46.4,0.0
107380,99999,19900808,58.4,42.0,1023.9,973.7,8.8,2.7,6.0,,70.3,42.3,0.0
107380,99999,19900809,62.2,41.8,,,7.2,2.0,5.1,,77.4,45.5,0.0
107380,99999,19900810,66.7,46.4,,,6.4,3.2,12.0,,82.4,47.7,0.0
107380,99999,19900811,69.4,50.0,,,6.4,2.6,6.0,,84.0,53.6,0.0
107380,99999,19900812,73.4,48.7,,,6.9,2.4,7.0,,90.0,53.6,0.0
107380,99999,19900813,68.0,54.7,,,7.4,4.3,22.9,31.1,88.5,59.0,0.02
107380,99999,19900814,63.4,59.2,,,6.6,3.5,11.1,,69.8,59.0,0.24
107380,99999,19900815,67.2,54.8,,,7.4,5.5,11.1,,77.0,58.6,0.31
107380,99999,19900816,66.2,55.4,,,7.1,6.6,15.9,25.1,78.8,57.2,0.0
107380,99999,19900817,58.8,46.3,,,7.4,7.1,15.9,26.0,66.4,48.2,0.17
107380,99999,19900818,59.6,44.2,,,8.8,5.7,13.0,,71.6,42.8,0.0
107380,99999,19900819,65.2,52.7,,,7.6,4.1,8.0,19.0,73.9,57.2,0.0
107380,99999,19900820,67.1,52.2,,,7.9,9.9,20.0,27.0,79.0,55.4,0.0
107380,99999,19900821,58.2,45.9,,,7.7,8.9,15.0,,64.4,51.8,0.0
107380,99999,19900822,56.9,45.8,,,6.9,3.8,8.0,,64.4,46.4,0.01
107380,99999,19900823,60.0,47.3,,,6.1,3.2,6.0,,75.2,42.8,0.0
107380,99999,19900824,67.9,51.0,,,6.2,2.4,5.1,,86.4,49.6,0.0
107380,99999,19900825,68.0,56.1,,,7.2,4.2,14.0,,80.6,58.3,0.0
107380,99999,19900826,66.0,59.3,,,5.1,2.5,9.9,32.1,75.7,59.0,0.0
107380,99999,19900827,67.5,59.3,,,3.5,2.6,5.1,,79.0,58.5,0.5
107380,99999,19900828,69.0,58.0,,,4.3,2.3,5.1,,80.6,57.2,0.0
107380,99999,19900829,66.0,57.7,,,4.8,1.4,8.9,,84.6,57.2,0.0
107380,99999,19900830,67.9,56.9,,,6.1,4.6,11.1,,81.3,54.7,0.04
107380,99999,19900831,59.0,53.5,,,6.4,6.5,14.0,,66.2,51.8,0.0
107380,99999,19900901,54.7,47.0,,,7.1,3.7,8.0,,60.8,49.1,0.12
107380,99999,19900902,57.6,50.4,,,6.7,2.6,6.0,,66.2,45.7,0.0
107380,99999,19900903,58.5,55.1,,,5.0,3.7,8.0,,60.8,56.1,0.06
107380,99999,19900904,61.4,54.5,,,5.1,3.6,12.0,19.0,73.4,55.4,0.06
107380,99999,19900905,55.0,45.9,,,6.1,5.1,11.1,,62.6,48.2,0.25
107380,99999,19900906,57.0,44.5,,,6.2,4.4,13.0,,68.0,42.8,0.0
107380,99999,19900907,53.0,44.8,,,7.2,8.1,13.0,29.9,57.6,49.1,0.04
107380,99999,19900908,53.0,47.7,,,7.1,6.6,12.0,,59.0,46.4,0.17
107380,99999,19900909,52.5,43.6,,,7.0,2.9,8.0,,63.0,41.4,0.11
107380,99999,19900910,51.5,44.2,,,7.2,4.5,12.0,,60.8,40.8,0.0
107380,99999,19900911,51.9,47.1,,,6.0,4.0,8.0,,55.9,48.2,0.12
107380,99999,19900912,54.8,48.3,,,4.8,2.7,7.0,,62.6,46.4,0.0
107380,99999,19900913,54.9,43.2,,,6.3,2.6,7.0,,68.7,42.4,0.0
107380,99999,19900914,56.3,44.2,,,5.8,1.7,4.1,,71.6,40.5,0.0
107380,99999,19900915,57.5,46.5,,,5.9,3.8,8.9,,66.2,50.0,0.0
107380,99999,19900916,52.8,41.5,,,6.2,3.8,7.0,,61.5,42.8,0.0
107380,99999,19900917,53.9,43.0,,,6.5,5.0,13.0,,66.4,38.5,0.0
107380,99999,19900918,54.1,39.5,,,6.8,6.7,13.0,,61.5,48.2,0.0
107380,99999,19900919,61.4,43.3,,,6.9,7.4,15.9,,73.4,48.0,0.0
107380,99999,19900920,57.1,42.2,,,7.2,9.1,15.0,,66.2,48.2,0.0
107380,99999,19900921,53.3,42.9,,,7.4,12.2,26.0,40.0,62.6,48.2,0.0
107380,99999,19900922,55.6,50.5,,,6.3,6.6,15.0,25.1,66.2,47.3,0.16
107380,99999,19900923,56.4,48.5,,,7.1,3.6,9.9,,65.3,49.1,0.58
107380,99999,19900924,52.3,42.6,,,7.2,9.1,19.0,28.0,57.7,46.4,0.24
107380,99999,19900925,53.1,39.7,,,7.4,9.3,19.0,28.9,60.8,44.6,0.0
107380,99999,19900926,49.2,42.4,,,7.6,2.1,7.0,,57.7,38.7,0.0
107380,99999,19900927,48.1,40.9,,,5.3,3.4,7.0,,55.4,40.5,0.0
107380,99999,19900928,49.8,38.7,,,6.3,1.5,5.1,,62.1,39.0,0.0
107380,99999,19900929,54.5,41.0,,,6.6,2.2,7.0,,71.6,37.4,0.0
107380,99999,19900930,60.4,53.6,,,6.8,4.7,14.0,,72.0,48.2,0.0
107380,99999,19901001,59.9,56.1,,,6.1,7.3,14.0,,66.7,53.6,0.41
107380,99999,19901002,56.6,51.7,,,4.7,3.2,8.0,,64.4,48.2,0.5
107380,99999,19901003,59.1,50.5,,,4.4,2.5,8.0,,75.2,44.1,0.0
107380,99999,19901004,50.9,47.0,,,6.7,5.5,18.1,26.0,57.9,42.1,0.0
107380,99999,19901005,48.3,39.3,,,5.7,3.2,6.0,,59.2,35.6,0.48
107380,99999,19901006,58.5,46.1,,,6.5,4.3,8.9,,69.8,48.2,0.0
107380,99999,19901007,56.1,48.8,,,7.1,4.1,13.0,,63.0,48.2,0.0
107380,99999,19901008,45.5,37.5,,,6.9,6.1,11.1,,50.2,35.6,0.06
107380,99999,19901009,43.5,36.2,,,5.7,1.3,4.1,,57.2,30.2,0.0
107380,99999,19901010,46.6,39.1,,,5.6,1.5,2.9,,60.8,35.1,0.0
107380,99999,19901011,48.1,41.5,,,4.6,2.0,4.1,,68.0,33.1,0.0
107380,99999,19901012,54.5,46.2,,,5.3,2.4,7.0,,73.4,37.4,0.0
107380,99999,19901013,58.2,50.5,,,6.2,2.0,5.1,,73.4,48.2,0.0
107380,99999,19901014,58.8,50.7,,,6.5,1.5,2.9,,75.2,46.4,0.0
107380,99999,19901015,58.8,51.8,,,5.6,1.9,4.1,,75.2,44.6,0.0
107380,99999,19901016,59.6,53.4,,,4.9,1.6,5.1,,69.8,51.3,0.0
107380,99999,19901017,57.7,54.5,,,1.8,1.9,4.1,,66.2,50.0,0.0
107380,99999,19901018,57.2,50.4,,,5.2,3.2,6.0,,66.9,49.5,0.02
107380,99999,19901019,53.6,48.9,,,4.9,2.9,8.9,,62.8,44.6,0.01
107380,99999,19901020,53.3,47.7,,,3.8,4.0,7.0,,57.2,48.2,0.0
107380,99999,19901021,48.3,40.5,,,6.1,10.2,15.0,,51.8,35.6,0.0
107380,99999,19901022,39.3,27.2,,,6.5,9.4,19.0,,50.0,31.3,0.0
107380,99999,19901023,38.8,29.7,,,7.0,1.6,6.0,,54.1,26.1,0.0
107380,99999,19901024,44.3,38.0,,,5.9,1.3,5.1,,60.8,29.7,0.0
107380,99999,19901025,48.7,42.6,,,5.3,2.9,8.0,,59.0,35.6,0.0
107380,99999,19901026,49.2,43.6,,,4.8,3.4,11.1,,60.8,38.7,0.0
107380,99999,19901027,46.7,39.5,,,6.7,4.8,11.1,,52.2,39.2,0.0
107380,99999,19901028,48.4,38.6,,,7.1,4.8,11.1,,57.2,38.3,0.0
107380,99999,19901029,47.2,40.6,,,7.8,8.8,21.0,32.1,51.8,43.7,0.36
107380,99999,19901030,46.7,39.2,,,7.7,10.9,28.0,39.0,51.8,42.4,0.62
107380,99999,19901031,48.6,42.0,,,8.3,6.5,12.0,,51.8,42.4,0.01
107380,99999,19901101,45.9,39.6,,,7.3,7.3,19.0,26.0,51.8,39.2,0.04
107380,99999,19901102,43.1,37.7,,,7.6,5.7,14.0,,48.6,35.6,0.02
107380,99999,19901103,39.6,36.3,,,7.9,3.3,7.0,,42.8,35.4,0.02
107380,99999,19901104,38.3,35.2,,,6.8,7.2,12.0,,41.4,35.6,0.08
107380,99999,19901105,38.5,33.8,,,6.8,6.1,8.9,,41.5,35.6,0.15
107380,99999,19901106,34.5,30.3,,,5.9,2.0,5.1,,42.1,26.6,0.01
107380,99999,19901107,30.7,28.6,,,2.8,1.5,5.1,,41.0,22.8,0.0
107380,99999,19901108,30.7,27.6,,,3.8,2.9,11.1,,37.8,23.0,0.0
107380,99999,19901109,30.9,27.0,,,3.0,2.5,6.0,,39.9,23.0,0.0
107380,99999,19901110,35.7,31.9,,,3.7,0.8,4.1,,44.6,24.8,0.0
107380,99999,19901111,46.2,43.6,,,6.4,3.4,8.0,,51.8,39.2,0.01
107380,99999,19901112,42.7,41.3,,,2.7,2.7,6.0,,46.4,37.4,0.15
107380,99999,19901113,41.9,39.5,,,3.9,3.4,5.1,,48.4,37.0,0.0
107380,99999,19901114,47.4,44.4,,,6.5,5.3,11.1,,50.7,43.2,0.08
107380,99999,19901115,45.4,41.8,,,6.7,8.5,17.1,29.9,48.4,42.8,0.24
107380,99999,19901116,47.1,40.2,,,7.1,5.2,9.9,,50.2,40.5,0.22
107380,99999,19901117,52.6,45.2,,,6.9,12.7,22.0,39.0,55.4,49.5,0.0
107380,99999,19901118,48.7,41.8,,,8.2,15.6,28.9,42.0,53.6,42.3,0.02
107380,99999,19901119,41.8,38.1,,,6.9,8.3,20.0,38.1,44.1,39.2,0.24
107380,99999,19901120,46.6,41.9,,,6.8,7.8,22.0,34.0,55.4,39.2,0.49
107380,99999,19901121,41.8,37.0,,,7.1,3.3,16.9,34.0,44.6,39.2,0.44
107380,99999,19901122,37.9,35.7,,,6.1,5.0,8.0,,39.7,35.6,0.11
107380,99999,19901123,34.0,32.1,,,4.1,4.6,8.0,,36.3,32.0,0.67
107380,99999,19901124,32.4,28.8,,,6.8,2.5,5.1,,41.4,26.6,0.04
107380,99999,19901125,34.3,30.8,,,7.0,3.5,8.9,,39.6,27.1,0.0
107380,99999,19901126,36.8,32.0,,,6.5,2.2,5.1,,46.4,28.4,0.04
107380,99999,19901127,28.1,27.3,,,2.6,1.2,2.9,,31.1,23.0,0.0
107380,99999,19901128,33.1,31.7,,,2.1,4.2,6.0,,35.6,28.4,0.06
107380,99999,19901129,34.6,32.5,,,2.3,2.5,6.0,,37.4,32.0,0.04
107380,99999,19901130,33.2,29.2,,,5.0,6.0,12.0,,37.4,26.6,0.12
107380,99999,19901201,26.3,20.3,,,7.1,2.7,6.0,,30.7,21.0,0.01
107380,99999,19901202,30.2,26.1,,,4.7,1.9,5.1,,33.8,25.3,0.0
107380,99999,19901203,32.7,31.0,,,3.0,1.6,7.0,,35.6,31.6,0.04
107380,99999,19901204,35.4,32.0,,,5.4,5.8,13.0,,41.0,31.3,0.04
107380,99999,19901205,34.4,27.5,,,6.9,8.5,20.0,32.1,37.4,30.2,0.04
107380,99999,19901206,27.0,21.2,,,6.9,2.3,6.0,,32.0,19.4,0.0
107380,99999,19901207,22.9,18.4,,,5.8,2.1,6.0,,30.9,17.1,0.0
107380,99999,19901208,25.7,19.2,,,6.0,3.0,8.0,,35.6,15.1,0.0
107380,99999,19901209,30.5,23.8,,,6.3,5.9,12.0,,33.8,28.2,0.0
107380,99999,19901210,28.4,26.2,,,3.3,4.2,9.9,,30.2,19.4,0.0
107380,99999,19901211,23.1,21.3,,,5.1,2.7,8.9,,30.6,13.5,0.4
107380,99999,19901212,32.2,29.6,,,4.3,10.5,18.1,,34.3,25.0,0.0
107380,99999,19901213,31.3,29.2,,,4.3,6.3,11.1,,33.8,26.6,0.27
107380,99999,19901214,32.1,29.9,,,3.0,3.8,7.0,,33.8,27.3,0.07
107380,99999,19901215,28.1,25.1,,,4.6,4.9,8.0,,35.6,26.6,0.02
107380,99999,19901216,28.1,24.8,,,4.7,6.0,9.9,,30.2,26.4,0.01
107380,99999,19901217,28.8,24.4,,,5.6,7.5,13.0,,30.9,28.0,0.01
107380,99999,19901218,27.5,23.1,,,6.0,4.3,7.0,,30.2,26.1,0.0
107380,99999,19901219,28.2,24.8,,,4.0,4.0,12.0,,32.7,24.8,0.0
107380,99999,19901220,30.1,24.5,,,5.5,8.6,12.0,,33.8,25.7,0.03
107380,99999,19901221,33.9,30.0,,,5.2,8.8,19.0,25.1,35.6,31.5,0.0
107380,99999,19901222,37.9,35.0,1024.2,973.0,5.8,3.8,8.0,,41.0,34.2,0.13
107380,99999,19901223,36.7,35.7,,,3.1,2.2,6.0,,39.6,35.2,0.0
107380,99999,19901224,34.0,32.1,,,5.0,3.4,6.0,,37.4,32.0,0.0
107380,99999,19901225,32.6,30.8,,,3.6,2.8,7.0,,37.4,28.2,0.0
107380,99999,19901226,38.0,30.8,,,7.0,7.5,14.0,29.9,42.8,27.9,0.01
107380,99999,19901227,39.9,34.4,,,7.4,10.5,18.1,29.9,43.2,33.3,0.01
107380,99999,19901228,36.2,28.7,,,7.2,5.1,8.9,,42.8,32.0,0.07
107380,99999,19901229,49.1,40.0,,,7.3,10.4,21.0,32.1,57.2,33.1,0.0
107380,99999,19901230,47.1,41.7,,,7.1,7.1,17.1,32.1,57.2,41.0,0.01
107380,99999,19901231,42.9,40.8,,,5.9,2.5,8.9,,44.6,40.5,0.41
107380,99999,19910101,38.7,34.2,,,6.6,7.4,22.0,34.0,44.6,32.0,0.14
107380,99999,19910102,41.3,35.4,,,7.5,9.8,15.0,25.1,48.2,32.7,0.05
107380,99999,19910103,50.2,41.1,,,6.9,10.9,18.1,28.0,53.6,39.2,0.05
107380,99999,19910104,43.2,36.3,,,8.4,7.2,14.0,,47.1,35.6,0.0
107380,99999,19910105,40.3,30.4,,,7.7,8.7,17.1,29.9,44.6,35.6,0.0
107380,99999,19910106,40.3,33.2,,,7.6,9.0,22.0,29.9,44.6,35.6,0.06
107380,99999,19910107,44.3,39.2,,,8.3,6.8,15.0,,48.7,35.8,0.01
107380,99999,19910108,42.0,33.9,,,7.0,5.9,15.0,28.9,48.6,32.0,0.28
107380,99999,19910109,45.9,34.0,,,7.7,7.0,22.0,34.0,50.0,36.5,0.0
107380,99999,19910110,54.3,39.6,,,7.1,10.8,18.1,32.1,62.8,42.1,0.01
107380,99999,19910111,47.7,43.1,,,7.1,6.9,14.0,20.0,51.8,42.8,0.0
107380,99999,19910112,40.9,37.1,,,6.8,4.6,15.0,,43.5,35.6,0.09
107380,99999,19910113,35.7,31.6,,,6.4,6.9,13.0,,37.4,32.0,0.04
107380,99999,19910114,33.2,23.9,,,6.9,12.7,15.0,,37.4,30.2,0.0
107380,99999,19910115,31.9,14.2,,,6.2,9.6,14.0,,37.9,23.0,0.0
107380,99999,19910116,24.2,15.3,,,6.9,3.7,8.0,,32.4,17.6,0.0
107380,99999,19910117,26.3,22.1,,,4.0,1.9,6.0,,37.4,17.6,0.0
107380,99999,19910118,23.8,19.5,,,4.0,3.5,5.1,,32.7,15.8,0.0
107380,99999,19910119,27.8,22.2,,,4.6,2.2,6.0,,37.4,15.1,0.08
107380,99999,19910120,33.4,31.7,,,2.3,1.6,6.0,,34.0,31.1,0.08
107380,99999,19910121,32.7,30.4,,,4.0,3.3,7.0,,33.8,30.2,0.0
107380,99999,19910122,32.8,30.3,,,4.0,5.6,9.9,,34.5,31.6,0.09
107380,99999,19910123,30.4,24.7,,,6.7,5.9,11.1,,32.0,28.2,0.0
107380,99999,19910124,30.4,24.2,,,6.1,3.4,7.0,,34.2,24.8,0.0
107380,99999,19910125,28.3,24.1,,,3.7,3.8,8.9,,34.2,21.0,0.0
107380,99999,19910126,28.6,24.2,,,2.6,2.7,5.1,,30.2,26.6,0.0
107380,99999,19910127,26.8,23.0,,,3.5,5.7,11.1,,30.2,24.8,0.0
107380,99999,19910128,28.0,21.7,,,5.9,6.7,11.1,,33.8,21.2,0.0
107380,99999,19910129,21.9,17.7,,,3.4,2.3,7.0,,32.2,15.1,0.0
107380,99999,19910130,21.8,17.6,,,4.5,2.7,9.9,,32.2,12.0,0.0
107380,99999,19910131,19.4,15.7,,,5.2,1.9,7.0,,27.1,14.0,0.0
107380,99999,19910201,16.4,12.3,,,3.4,2.4,8.0,,28.4,8.6,0.0
107380,99999,19910202,21.3,15.3,,,4.2,1.5,5.1,,34.7,11.7,0.0
107380,99999,19910203,25.5,20.3,,,2.5,1.3,4.1,,33.8,15.8,0.0
107380,99999,19910204,27.3,17.4,,,5.3,4.2,8.0,,34.2,19.4,0.0
107380,99999,19910205,20.8,14.8,,,4.6,6.3,12.0,,25.3,15.8,0.0
107380,99999,19910206,10.9,6.1,,,3.9,7.0,9.9,,16.9,3.2,0.03
107380,99999,19910207,11.5,5.8,,,3.2,3.9,11.1,,19.4,-0.6,0.0
107380,99999,19910208,20.8,16.1,,,3.4,3.9,12.0,,26.8,12.2,0.0
107380,99999,19910209,24.4,21.1,1008.8,956.5,3.4,3.1,7.0,,33.8,12.0,0.06
107380,99999,19910210,30.5,26.5,,,5.1,7.3,22.9,32.1,36.0,23.0,0.13
107380,99999,19910211,23.1,17.2,,,6.1,5.6,12.0,,30.2,11.5,0.01
107380,99999,19910212,22.8,18.6,,,5.6,3.5,8.9,,30.2,14.0,0.0
107380,99999,19910213,23.3,19.6,,,3.0,5.1,8.9,,26.6,17.6,0.02
107380,99999,19910214,22.6,18.5,,,4.5,6.4,9.9,,26.6,16.9,0.02
107380,99999,19910215,27.5,21.7,,,5.0,9.5,15.9,25.1,32.0,18.9,0.06
107380,99999,19910216,33.8,28.3,,,6.2,11.2,18.1,,37.4,27.3,0.03
107380,99999,19910217,25.9,22.6,,,4.4,2.5,8.0,,36.0,17.2,0.03
107380,99999,19910218,24.4,20.7,,,3.2,2.3,6.0,,33.8,10.2,0.0
107380,99999,19910219,36.0,30.4,,,3.9,1.9,4.1,,50.0,28.0,0.0
107380,99999,19910220,34.6,30.0,,,3.8,2.0,7.0,,51.8,23.0,0.0
107380,99999,19910221,36.0,30.7,,,4.3,1.3,5.1,,50.4,24.6,0.0
107380,99999,19910222,36.6,29.3,,,6.2,5.1,14.0,,46.8,28.4,0.0
107380,99999,19910223,40.0,32.0,,,6.4,4.7,13.0,,48.6,28.4,0.0
107380,99999,19910224,42.1,35.3,,,6.8,1.8,6.0,,61.0,30.2,0.0
107380,99999,19910225,43.4,35.0,,,6.4,2.2,6.0,,57.2,32.0,0.0
107380,99999,19910226,40.9,34.2,,,4.8,2.8,8.9,,57.2,31.3,0.0
107380,99999,19910227,37.6,33.3,,,3.0,3.9,15.9,,50.4,30.2,0.0
107380,99999,19910228,34.3,32.0,,,1.8,2.7,5.1,,37.6,31.5,0.0
107380,99999,19910301,34.4,30.6,,,2.0,4.2,11.1,,41.4,30.2,0.09
107380,99999,19910302,39.0,34.8,,,3.6,2.8,8.0,,50.4,29.7,0.0
107380,99999,19910303,43.8,39.1,,,3.6,2.6,7.0,,51.8,33.8,0.11
107380,99999,19910304,39.8,36.6,,,4.0,3.3,11.1,,53.6,32.0,0.02
107380,99999,19910305,44.8,39.6,,,5.8,2.9,6.0,,55.9,34.7,0.0
107380,99999,19910306,48.6,40.6,,,6.1,4.2,11.1,,60.8,40.1,0.0
107380,99999,19910307,47.6,38.5,,,4.1,5.5,8.9,,55.6,39.9,0.0
107380,99999,19910308,48.8,39.8,,,5.5,2.8,8.9,,62.6,37.4,0.0
107380,99999,19910309,44.9,41.3,,,4.6,4.2,8.9,,52.2,35.6,0.0
107380,99999,19910310,48.1,41.3,,,6.6,3.6,7.0,,57.0,41.0,0.19
107380,99999,19910311,46.3,40.3,,,7.5,2.2,6.0,,53.6,37.4,0.0
107380,99999,19910312,45.6,39.0,,,4.2,2.2,8.9,,59.0,37.4,0.0
107380,99999,19910313,43.6,35.6,,,5.6,3.6,9.9,,59.0,30.4,0.0
107380,99999,19910314,44.2,35.1,,,5.3,1.8,5.1,,60.8,30.2,0.0
107380,99999,19910315,49.4,39.7,,,6.0,2.4,8.9,,62.6,37.4,0.0
107380,99999,19910316,48.4,37.1,,,6.0,2.8,11.1,,64.4,33.8,0.0
107380,99999,19910317,46.2,38.7,,,5.6,3.0,8.9,,59.0,33.8,0.0
107380,99999,19910318,50.2,39.3,,,6.8,6.1,12.0,,57.7,41.0,0.0
107380,99999,19910319,46.1,40.9,,,6.9,6.7,12.0,,50.7,36.5,0.0
107380,99999,19910320,53.5,46.8,,,7.1,7.7,15.9,,59.5,48.2,0.66
107380,99999,19910321,57.7,47.0,,,7.6,6.3,14.0,25.1,68.0,51.8,0.0
107380,99999,19910322,43.8,41.0,,,4.6,5.2,11.1,25.1,52.3,41.0,0.3
107380,99999,19910323,43.9,39.2,,,6.9,3.3,8.0,,51.8,37.4,0.3
107380,99999,19910324,46.6,40.3,,,4.9,6.4,11.1,,50.2,42.1,0.0
107380,99999,19910325,44.7,39.2,1011.6,961.6,5.8,11.6,16.9,,46.4,41.0,0.0
107380,99999,19910326,41.0,36.1,,,5.7,9.2,12.0,,45.3,37.4,0.02
107380,99999,19910327,40.3,32.2,,,5.9,5.3,8.9,,48.7,32.0,0.0
107380,99999,19910328,35.1,23.5,,,7.1,5.9,15.0,,44.6,26.6,0.0
107380,99999,19910329,33.0,22.7,,,7.2,6.8,13.0,,41.0,26.6,0.0
107380,99999,19910330,35.4,26.9,,,5.0,3.4,8.0,,42.8,26.2,0.0
107380,99999,19910331,40.3,29.1,,,4.8,2.8,7.0,,51.8,26.1,0.0
107380,99999,19910401,45.6,32.0,,,5.7,2.1,7.0,,59.7,31.3,0.0
107380,99999,19910402,50.7,36.9,,,6.4,3.5,8.0,,64.4,35.6,0.0
107380,99999,19910403,52.3,37.9,,,6.3,5.0,12.0,,64.8,39.7,0.0
107380,99999,19910404,48.3,40.1,,,7.3,4.5,8.9,,53.6,44.6,0.03
107380,99999,19910405,47.0,37.3,,,6.8,5.4,9.9,,52.0,42.6,0.06
107380,99999,19910406,47.3,33.0,,,7.3,2.9,7.0,,57.2,38.3,0.0
107380,99999,19910407,47.3,35.9,,,7.0,7.2,15.9,,51.8,37.8,0.0
107380,99999,19910408,47.1,40.0,,,7.8,8.9,15.0,,52.3,42.8,0.02
107380,99999,19910409,48.0,40.1,,,6.9,3.6,9.9,,55.4,35.6,0.03
107380,99999,19910410,48.0,36.5,,,5.2,2.4,6.0,,62.8,32.0,0.0
107380,99999,19910411,49.6,31.4,,,7.1,6.1,13.0,,62.6,35.6,0.0
107380,99999,19910412,50.9,35.1,,,6.5,4.6,13.0,,64.9,33.6,0.0
107380,99999,19910413,51.8,35.4,,,6.4,3.9,8.9,,64.9,37.4,0.0
107380,99999,19910414,49.4,37.7,,,6.7,3.1,15.0,,63.0,35.6,0.0
107380,99999,19910415,51.9,38.0,,,6.6,4.8,11.1,,65.1,36.7,0.08
107380,99999,19910416,48.4,33.2,,,5.9,8.2,18.1,,63.1,35.6,0.0
107380,99999,19910417,36.5,26.0,,,8.6,5.6,14.0,26.0,42.8,27.1,0.0
107380,99999,19910418,36.5,26.3,,,6.5,7.6,13.0,,41.7,32.0,0.0
107380,99999,19910419,35.8,31.0,,,5.0,4.0,9.9,,44.1,32.0,0.04
107380,99999,19910420,35.6,26.0,,,5.6,5.1,8.0,,42.1,26.6,0.02
107380,99999,19910421,34.9,19.0,,,6.6,4.5,11.1,,46.4,21.9,0.0
107380,99999,19910422,38.3,24.9,,,7.7,7.2,14.0,,48.2,24.6,0.0
107380,99999,19910423,38.8,30.7,,,7.7,7.7,15.0,,45.0,30.2,0.0
107380,99999,19910424,37.1,32.4,,,6.2,3.7,11.1,,46.4,28.4,0.01
107380,99999,19910425,40.9,28.7,,,4.1,3.6,9.9,,53.6,27.9,0.14
107380,99999,19910426,46.9,29.6,,,6.3,5.7,13.0,,59.0,33.3,0.0
107380,99999,19910427,48.5,33.4,,,5.8,3.7,12.0,,60.8,35.6,0.0
107380,99999,19910428,49.5,39.2,,,5.0,4.1,11.1,,59.5,39.4,0.0
107380,99999,19910429,49.3,39.2,,,4.5,2.2,5.1,,57.2,44.6,0.0
107380,99999,19910430,49.1,41.8,,,6.3,5.9,12.0,,54.1,43.9,0.01
107380,99999,19910501,47.0,43.9,,,4.8,5.3,11.1,,51.8,41.0,0.2
107380,99999,19910502,43.3,37.2,,,5.4,5.4,8.9,,48.2,39.2,0.28
107380,99999,19910503,41.7,34.3,,,5.6,5.3,12.0,,48.2,33.8,0.01
107380,99999,19910504,39.5,32.3,,,7.1,3.6,8.9,,50.4,28.6,0.0
107380,99999,19910505,41.5,36.7,,,5.6,2.9,9.9,,50.0,35.6,0.24
107380,99999,19910506,43.9,34.8,,,6.1,2.1,6.0,,52.2,30.2,0.01
107380,99999,19910507,48.1,35.4,,,6.6,3.0,8.0,,55.8,38.7,0.0
107380,99999,19910508,49.0,35.1,,,6.0,3.5,8.9,,59.0,35.6,0.0
107380,99999,19910509,50.1,35.1,,,6.6,5.0,8.9,,60.8,35.6,0.0
107380,99999,19910510,51.2,42.6,,,5.9,6.2,12.0,,64.4,41.0,0.0
107380,99999,19910511,49.8,47.0,,,2.4,8.2,15.0,25.1,51.8,47.3,0.37
107380,99999,19910512,48.3,43.0,,,4.7,4.6,8.9,,52.3,44.6,0.52
107380,99999,19910513,51.2,40.7,,,5.1,2.1,5.1,,61.3,42.4,0.0
107380,99999,19910514,49.4,45.2,,,5.5,3.6,11.1,,55.4,39.2,0.0
107380,99999,19910515,46.0,34.1,,,7.5,7.5,12.0,,51.4,42.4,0.28
107380,99999,19910516,42.2,34.0,,,6.4,6.3,9.9,,48.2,38.8,0.17
107380,99999,19910517,45.4,37.4,,,6.6,6.4,12.0,,53.6,40.8,0.04
107380,99999,19910518,46.4,37.4,,,6.9,5.1,11.1,,54.1,39.2,0.01
107380,99999,19910519,48.6,35.6,,,6.8,2.3,8.9,,57.2,35.2,0.01
107380,99999,19910520,53.9,40.0,,,7.0,3.4,7.0,,62.6,44.1,0.0
107380,99999,19910521,59.9,48.1,,,6.5,4.0,8.9,,69.8,48.7,0.0
107380,99999,19910522,63.9,49.9,,,6.3,6.2,13.0,,71.6,54.9,0.0
107380,99999,19910523,50.8,36.3,,,7.0,8.9,13.0,,56.7,44.6,0.0
107380,99999,19910524,46.8,31.6,,,6.8,5.1,9.9,,53.8,37.4,0.0
107380,99999,19910525,49.1,35.7,,,7.3,4.4,11.1,,59.0,34.7,0.0
107380,99999,19910526,48.6,44.2,,,5.3,4.8,7.0,,52.3,41.0,0.11
107380,99999,19910527,50.8,39.1,,,5.2,2.5,5.1,,62.6,35.1,0.0
107380,99999,19910528,55.8,39.0,,,6.9,3.7,8.9,,69.8,38.8,0.0
107380,99999,19910529,56.3,41.2,,,6.6,4.2,12.0,,66.4,42.8,0.0
107380,99999,19910530,57.9,41.8,,,6.5,4.9,9.9,,69.8,42.8,0.0
107380,99999,19910531,60.4,43.2,,,7.2,2.3,6.0,,73.4,43.7,0.0
107380,99999,19910601,59.1,44.1,,,5.6,4.7,14.0,,69.8,47.1,0.0
107380,99999,19910602,58.5,41.5,,,6.8,3.6,7.0,,72.3,44.1,0.0
107380,99999,19910603,57.4,42.6,,,6.6,11.1,19.0,28.0,68.0,46.4,0.0
107380,99999,19910604,50.1,34.5,,,7.2,6.1,13.0,,59.0,42.1,0.0
107380,99999,19910605,51.1,35.3,,,6.7,2.9,5.1,,62.6,38.5,0.0
107380,99999,19910606,54.1,46.0,,,6.2,5.3,17.1,25.1,62.6,47.8,0.07
107380,99999,19910607,56.6,46.8,,,7.9,2.8,8.9,,62.6,50.0,0.01
107380,99999,19910608,56.6,49.8,,,6.2,6.4,12.0,,62.6,51.8,0.03
107380,99999,19910609,58.2,50.7,,,6.7,4.3,9.9,,64.6,51.3,0.0
107380,99999,19910610,59.0,46.8,,,7.0,7.1,13.0,,68.0,53.6,0.12
107380,99999,19910611,58.1,43.6,,,8.2,6.7,14.0,,66.2,47.3,0.0
107380,99999,19910612,63.5,45.5,,,8.4,4.0,9.9,,76.3,50.0,0.0
107380,99999,19910613,61.7,45.9,,,7.6,7.7,14.0,,69.8,54.7,0.01
107380,99999,19910614,57.8,47.4,,,7.8,8.3,15.0,,66.6,50.0,0.06
107380,99999,19910615,66.0,49.5,,,9.0,7.2,18.1,25.1,80.6,51.6,0.0
107380,99999,19910616,56.2,52.1,,,6.4,2.9,8.0,,61.2,51.8,0.12
107380,99999,19910617,50.5,48.1,,,3.9,3.8,8.0,,52.3,48.0,0.32
107380,99999,19910618,52.1,45.0,,,5.8,6.3,14.0,,60.8,46.4,1.03
107380,99999,19910619,52.9,42.3,,,7.1,6.1,19.0,28.9,64.4,41.0,0.19
107380,99999,19910620,51.4,46.1,,,7.2,4.1,8.9,,57.2,46.4,0.0
107380,99999,19910621,60.6,52.2,,,7.9,2.8,7.0,,71.6,52.9,0.33
107380,99999,19910622,67.0,55.7,,,7.6,3.2,9.9,21.0,82.9,51.8,0.02
107380,99999,19910623,66.8,58.5,,,6.5,2.5,7.0,,75.4,59.0,0.26
107380,99999,19910624,66.9,56.4,,,7.0,7.4,17.1,,75.2,62.1,0.0
107380,99999,19910625,68.3,60.0,,,8.2,4.0,8.9,,75.2,59.0,0.01
107380,99999,19910626,65.2,56.5,,,7.1,5.9,13.0,,75.2,53.6,0.0
107380,99999,19910627,57.1,48.1,,,7.4,10.2,28.9,42.9,66.2,50.0,0.0
107380,99999,19910628,52.7,47.4,,,7.4,10.4,18.1,26.0,59.4,48.2,0.08
107380,99999,19910629,53.8,45.6,,,7.1,7.5,12.0,26.0,63.7,44.6,0.35
107380,99999,19910630,59.9,46.5,,,6.5,3.0,6.0,,71.6,44.6,0.01
107380,99999,19910701,65.9,50.9,1021.9,973.4,6.7,2.4,6.0,,78.8,50.0,0.0
107380,99999,19910702,68.5,52.8,1017.1,969.0,6.5,4.1,11.1,,80.6,53.4,0.0
107380,99999,19910703,69.0,54.8,1017.3,969.3,6.7,5.0,9.9,,81.0,53.4,0.0
107380,99999,19910704,70.7,59.0,1018.5,970.5,6.9,6.0,11.1,,80.6,59.9,0.0
107380,99999,19910705,73.1,61.9,1016.4,968.8,5.9,5.6,12.0,,82.9,62.6,0.0
107380,99999,19910706,74.2,60.4,1017.0,969.4,6.3,4.8,11.1,,84.6,60.8,0.0
107380,99999,19910707,73.0,57.1,1016.2,968.6,6.7,4.5,13.0,,84.9,57.2,0.0
107380,99999,19910708,74.0,58.3,1017.8,970.2,9.1,4.4,12.0,,82.6,63.5,0.0
107380,99999,19910709,69.8,61.2,1020.7,972.6,6.8,2.2,5.1,,77.7,62.6,0.06
107380,99999,19910710,72.4,58.9,1020.5,972.7,6.7,3.7,8.9,,84.2,58.5,0.1
107380,99999,19910711,77.0,60.1,1017.6,970.3,6.2,2.4,8.0,,91.4,60.8,0.0
107380,99999,19910712,76.2,62.2,1018.4,970.9,6.5,5.4,12.0,26.0,89.6,62.6,0.0
107380,99999,19910713,71.5,60.5,1017.4,969.6,6.6,3.0,7.0,26.0,80.6,62.6,0.16
107380,99999,19910714,63.7,57.1,1013.7,965.4,6.9,6.4,13.0,,70.2,60.1,0.08
107380,99999,19910715,65.7,54.0,1016.5,968.3,6.7,4.8,11.1,,76.3,53.6,0.24
107380,99999,19910716,66.2,52.8,1015.8,967.7,6.8,5.1,11.1,,75.2,57.2,0.0
107380,99999,19910717,63.8,50.2,1015.8,967.3,6.6,3.7,11.1,,77.0,51.8,0.0
107380,99999,19910718,64.6,49.0,1015.4,967.1,6.9,3.2,8.9,,73.4,53.6,0.0
107380,99999,19910719,66.4,57.6,1012.6,964.6,6.0,6.5,17.1,,77.9,59.0,0.13
107380,99999,19910720,62.9,51.0,1016.5,968.0,8.9,5.0,9.9,,71.8,54.7,0.06
107380,99999,19910721,63.9,49.7,1018.5,970.0,6.7,4.0,7.0,,72.0,53.6,0.0
107380,99999,19910722,65.0,50.2,1018.9,970.5,6.1,2.3,5.1,,77.0,51.6,0.0
107380,99999,19910723,70.2,53.2,1013.5,965.8,6.5,3.2,7.0,,84.4,51.8,0.0
107380,99999,19910724,65.8,56.4,1010.7,962.7,6.9,4.9,19.0,25.1,73.4,53.6,0.0
107380,99999,19910725,60.2,49.3,1011.4,962.9,7.6,6.1,15.9,,69.8,51.6,0.2
107380,99999,19910726,59.6,50.8,1013.6,964.9,7.7,5.6,13.0,,68.0,53.6,0.02
107380,99999,19910727,60.2,52.1,1018.2,969.4,6.2,3.4,11.1,,68.4,51.8,0.06
107380,99999,19910728,62.9,49.9,1016.1,967.5,4.6,4.5,11.1,,77.0,48.2,0.01
107380,99999,19910729,68.2,52.3,1011.0,963.2,7.1,7.7,15.0,,80.6,55.2,0.0
107380,99999,19910730,70.4,56.4,1008.3,960.9,7.2,4.8,11.1,13.0,83.1,55.4,0.0
107380,99999,19910731,64.1,57.9,1010.3,962.2,6.8,4.0,9.9,,70.2,59.0,0.02
107380,99999,19910801,62.2,55.3,,,6.4,5.6,11.1,,66.2,58.6,0.17
107380,99999,19910802,66.3,55.6,,,6.5,5.0,8.9,,75.2,59.0,0.16
107380,99999,19910803,67.3,54.3,,,6.2,3.2,8.0,,78.8,54.5,0.0
107380,99999,19910804,67.8,55.0,,,5.4,2.5,8.9,,80.6,55.4,0.0
107380,99999,19910805,70.2,54.2,,,5.6,1.9,6.0,,83.8,55.4,0.0
107380,99999,19910806,73.5,53.7,,,6.7,3.4,8.0,,88.3,57.2,0.0
107380,99999,19910807,78.3,55.4,,,6.8,4.0,17.1,,95.0,58.6,0.0
107380,99999,19910808,72.5,60.4,,,7.0,5.4,15.0,,82.4,62.6,0.0
107380,99999,19910809,65.1,57.0,,,6.1,5.1,8.0,,73.4,57.2,0.0
107380,99999,19910810,68.9,50.6,,,6.4,3.1,8.0,,82.8,55.2,0.0
107380,99999,19910811,73.1,54.9,,,6.3,3.0,7.0,,87.8,55.9,0.0
107380,99999,19910812,72.9,57.1,,,7.7,6.0,13.0,,82.4,62.4,0.0
107380,99999,19910813,69.8,51.7,,,7.0,4.1,8.9,,80.6,59.0,0.0
107380,99999,19910814,68.3,49.6,,,6.7,3.3,11.1,,82.4,51.8,0.0
107380,99999,19910815,67.7,49.6,,,6.6,2.5,7.0,,80.6,54.5,0.0
107380,99999,19910816,69.8,49.6,,,6.5,4.4,14.0,,86.7,53.2,0.0
107380,99999,19910817,68.9,52.6,,,6.9,7.5,15.0,,79.5,59.0,0.0
107380,99999,19910818,64.3,46.9,,,6.9,8.1,13.0,,71.6,55.4,0.0
107380,99999,19910819,58.7,42.1,,,7.1,4.8,8.9,,68.0,48.2,0.0
107380,99999,19910820,61.8,43.4,,,7.3,2.6,8.0,,77.5,44.6,0.0
107380,99999,19910821,66.3,47.3,,,6.8,2.7,8.0,,82.0,49.3,0.0
107380,99999,19910822,72.1,50.3,,,6.9,4.5,12.0,,90.0,51.8,0.0
107380,99999,19910823,68.1,57.6,,,7.0,4.1,9.9,,77.0,60.8,0.12
107380,99999,19910824,65.9,55.8,,,6.7,3.2,11.1,,75.6,59.0,0.37
107380,99999,19910825,63.3,51.3,,,7.6,2.5,6.0,,73.4,53.6,0.02
107380,99999,19910826,65.2,49.0,,,6.9,3.2,7.0,,77.7,50.7,0.0
107380,99999,19910827,64.3,46.0,,,6.9,4.2,8.0,,77.0,51.8,0.0
107380,99999,19910828,64.4,44.7,,,6.7,3.1,6.0,,77.0,50.0,0.0
107380,99999,19910829,61.8,42.7,,,6.6,6.2,11.1,,73.4,45.9,0.0
107380,99999,19910830,60.3,41.8,,,7.2,5.4,12.0,,73.4,46.4,0.0
107380,99999,19910831,62.2,43.2,,,6.5,5.4,13.0,,78.4,44.6,0.0
107380,99999,19910901,64.2,45.5,1019.5,970.9,6.8,3.1,8.0,,81.0,47.5,0.0
107380,99999,19910902,64.8,49.7,1022.8,974.1,6.9,3.0,6.0,,79.3,50.0,0.0
107380,99999,19910903,66.6,50.3,1025.3,976.7,6.5,3.5,8.0,,79.5,49.6,0.0
107380,99999,19910904,70.1,50.2,1023.4,975.3,7.6,2.9,8.0,,80.6,56.3,0.0
107380,99999,19910905,69.0,49.3,1021.3,973.1,6.5,3.4,8.9,,82.4,52.0,0.0
107380,99999,19910906,60.0,49.6,1023.4,974.3,6.5,4.3,9.9,,68.0,50.0,0.0
107380,99999,19910907,52.6,40.2,1025.1,975.3,7.3,4.3,9.9,,62.6,42.8,0.0
107380,99999,19910908,55.1,42.4,1022.3,972.8,6.8,2.4,8.0,,69.8,39.2,0.0
107380,99999,19910909,59.4,43.1,1020.1,971.1,6.7,2.6,6.0,,77.0,42.8,0.0
107380,99999,19910910,66.8,45.4,1017.1,968.9,6.8,2.6,8.9,,82.8,45.5,0.0
107380,99999,19910911,65.8,56.6,1014.6,966.4,7.1,5.5,15.9,,75.2,60.3,0.0
107380,99999,19910912,59.0,55.4,1017.4,968.5,2.0,4.6,8.9,,61.0,55.4,1.53
107380,99999,19910913,58.7,51.6,1020.0,970.9,4.1,4.0,7.0,,66.9,51.8,0.12
107380,99999,19910914,59.0,52.9,1021.4,972.3,4.9,1.4,2.9,,68.0,51.8,0.0
107380,99999,19910915,62.6,55.4,1020.1,971.4,4.9,1.2,2.9,,70.2,56.3,0.0
107380,99999,19910916,65.7,54.2,1019.7,971.3,6.1,2.5,5.1,,77.0,54.5,0.0
107380,99999,19910917,64.3,54.0,1019.3,970.8,6.0,7.5,15.9,,73.4,51.8,0.04
107380,99999,19910918,60.3,48.7,1021.1,972.1,7.4,2.5,8.9,,73.8,50.0,0.04
107380,99999,19910919,59.1,48.4,1016.9,968.0,5.8,1.9,6.0,,72.3,47.7,0.0
107380,99999,19910920,58.6,51.0,1015.7,966.8,6.4,1.9,6.0,,69.8,49.3,0.0
107380,99999,19910921,61.1,51.7,1014.8,966.3,4.4,1.9,7.0,,78.8,46.4,0.0
107380,99999,19910922,62.7,56.0,1011.0,962.7,6.3,4.9,19.0,40.0,82.4,54.7,0.02
107380,99999,19910923,55.9,46.9,1016.6,967.5,6.9,7.2,14.0,,61.5,51.4,0.82
107380,99999,19910924,62.8,50.0,1015.0,966.6,7.4,4.6,8.0,,75.2,53.6,0.0
107380,99999,19910925,63.6,52.0,1007.7,959.6,5.7,2.2,8.9,,81.0,49.1,0.0
107380,99999,19910926,57.8,54.1,1002.4,954.1,6.8,3.2,12.0,,63.1,54.7,0.0
107380,99999,19910927,52.4,46.4,1008.0,958.9,7.8,7.5,14.0,,57.2,42.8,0.35
107380,99999,19910928,49.4,43.6,1005.5,956.2,7.2,3.3,7.0,,55.4,40.3,0.09
107380,99999,19910929,52.8,48.5,1000.5,951.9,7.7,1.8,4.1,,57.2,48.2,0.0
107380,99999,19910930,54.5,50.1,1005.3,956.6,6.3,3.1,9.9,,61.3,48.9,0.04
107380,99999,19911001,54.6,45.4,,,7.1,7.3,15.0,,62.6,43.5,0.27
107380,99999,19911002,52.0,41.0,,,7.3,10.7,19.0,25.1,57.2,42.8,0.0
107380,99999,19911003,50.1,40.3,,,7.6,1.7,2.9,,64.4,37.4,0.01
107380,99999,19911004,52.0,42.9,,,7.6,1.9,4.1,,68.0,39.2,0.0
107380,99999,19911005,54.3,46.0,,,5.7,1.5,4.1,,69.8,38.8,0.0
107380,99999,19911006,54.1,51.0,,,5.3,3.5,7.0,,55.8,51.8,0.13
107380,99999,19911007,54.7,51.4,,,2.0,2.2,6.0,,59.0,51.6,0.24
107380,99999,19911008,54.2,50.3,,,1.8,2.2,5.1,,59.0,49.3,0.0
107380,99999,19911009,55.0,47.9,,,4.3,2.0,4.1,,66.2,46.4,0.0
107380,99999,19911010,52.6,46.4,,,5.1,2.9,8.9,,66.2,42.1,0.0
107380,99999,19911011,50.6,46.2,,,3.8,4.6,12.0,,57.9,42.6,0.0
107380,99999,19911012,51.7,49.4,,,2.5,1.7,5.1,,55.4,47.7,0.0
107380,99999,19911013,53.4,50.7,,,5.0,2.7,7.0,,57.4,50.0,0.06
107380,99999,19911014,51.2,46.9,,,4.7,1.7,4.1,,61.2,41.0,0.01
107380,99999,19911015,52.3,48.0,,,4.3,2.3,5.1,,64.4,44.1,0.0
107380,99999,19911016,53.9,45.0,,,4.7,3.3,9.9,,66.2,41.0,0.0
107380,99999,19911017,53.3,44.6,,,7.9,11.2,19.0,28.9,57.6,47.3,0.0
107380,99999,19911018,46.2,36.7,,,7.8,11.7,24.1,34.0,51.8,42.8,0.2
107380,99999,19911019,41.9,35.4,,,8.5,6.3,13.0,,46.4,35.6,0.0
107380,99999,19911020,40.1,35.4,,,7.6,6.0,12.0,,45.1,34.9,0.0
107380,99999,19911021,38.2,31.5,,,6.4,4.1,8.9,,42.8,32.0,0.12
107380,99999,19911022,34.7,27.3,,,7.0,1.7,5.1,,44.6,25.9,0.0
107380,99999,19911023,37.4,33.8,,,6.4,1.9,5.1,,46.4,28.2,0.0
107380,99999,19911024,44.5,39.8,,,4.6,1.5,5.1,,48.6,41.0,0.03
107380,99999,19911025,44.8,40.4,,,5.6,2.8,7.0,,48.2,38.7,0.0
107380,99999,19911026,36.2,32.1,,,6.1,3.9,8.0,,45.1,30.2,0.0
107380,99999,19911027,34.6,30.1,,,5.2,2.6,6.0,,44.6,26.6,0.0
107380,99999,19911028,34.3,29.4,,,5.2,2.4,8.9,,46.4,26.6,0.0
107380,99999,19911029,32.7,28.0,,,3.7,1.4,5.1,,43.9,24.1,0.0
107380,99999,19911030,31.0,28.3,,,2.8,2.6,6.0,,41.2,20.7,0.0
107380,99999,19911031,36.7,33.0,,,4.1,3.4,11.1,,48.6,28.4,0.0
107380,99999,19911101,36.6,32.5,,,4.4,2.6,6.0,,51.8,24.8,0.0
107380,99999,19911102,47.8,41.5,,,6.7,4.6,9.9,,53.8,34.0,0.0
107380,99999,19911103,54.6,43.2,,,7.2,6.6,17.1,32.1,62.6,42.8,0.0
107380,99999,19911104,47.0,40.4,,,6.8,8.6,14.0,38.1,59.9,39.2,0.37
107380,99999,19911105,42.3,35.1,,,8.6,9.9,18.1,27.0,45.1,35.6,0.06
107380,99999,19911106,38.5,33.1,,,7.3,6.7,14.0,,44.6,32.0,0.01
107380,99999,19911107,41.7,35.5,,,7.1,14.3,22.9,41.0,46.4,32.5,0.0
107380,99999,19911108,48.5,39.9,,,7.2,11.4,17.1,25.1,51.8,44.1,0.17
107380,99999,19911109,41.3,37.6,,,7.5,8.8,15.0,25.1,48.9,33.8,0.05
107380,99999,19911110,35.8,31.4,,,7.0,6.1,13.0,,42.8,28.4,0.16
107380,99999,19911111,38.6,28.2,,,6.7,3.5,12.0,,46.4,30.2,0.03
107380,99999,19911112,45.0,39.8,,,7.2,4.9,12.0,,51.8,38.3,0.04
107380,99999,19911113,47.8,41.0,,,6.8,7.2,15.9,18.1,55.9,39.2,0.0
107380,99999,19911114,40.7,35.4,,,8.1,6.0,11.1,,43.5,37.9,0.81
107380,99999,19911115,41.0,36.1,,,7.4,4.2,9.9,,45.0,34.2,0.11
107380,99999,19911116,37.9,36.2,,,3.7,5.4,8.9,,40.6,35.6,0.01
107380,99999,19911117,36.1,32.6,,,5.3,4.6,8.9,,39.7,30.2,0.02
107380,99999,19911118,36.2,33.0,,,6.6,2.3,5.1,,43.0,26.6,0.0
107380,99999,19911119,45.6,40.9,,,8.4,2.7,7.0,,54.3,38.7,0.05
107380,99999,19911120,41.3,39.0,,,3.8,6.2,11.1,,45.1,37.4,0.13
107380,99999,19911121,36.8,33.2,,,5.2,7.9,11.1,,40.3,33.8,0.07
107380,99999,19911122,35.1,31.2,,,3.6,3.7,6.0,,37.4,33.8,0.0
107380,99999,19911123,35.0,30.1,,,6.6,1.5,7.0,,39.6,28.4,0.0
107380,99999,19911124,31.0,29.0,,,3.3,3.0,8.0,,33.8,24.8,0.0
107380,99999,19911125,33.1,30.4,,,4.3,1.9,5.1,,38.3,26.6,0.0
107380,99999,19911126,31.1,28.7,,,3.9,1.4,4.1,,42.8,22.6,0.0
107380,99999,19911127,33.3,30.4,,,3.4,0.9,2.9,,47.3,24.8,0.0
107380,99999,19911128,32.9,30.8,,,2.2,0.8,2.9,,44.6,24.8,0.0
107380,99999,19911129,30.7,30.6,,,0.4,1.8,5.1,,34.7,26.6,0.0
107380,99999,19911130,28.9,28.4,,,1.3,1.6,5.1,,36.3,23.0,0.0
107380,99999,19911201,29.9,28.9,,,2.5,3.3,7.0,,33.8,24.8,0.0
107380,99999,19911202,32.7,29.1,,,4.1,3.4,6.0,,33.8,30.2,0.0
107380,99999,19911203,30.2,26.6,,,3.6,2.5,4.1,,32.9,29.5,0.0
107380,99999,19911204,28.4,25.5,,,2.7,2.7,6.0,,30.2,26.6,0.0
107380,99999,19911205,31.3,28.6,,,4.6,3.3,8.0,,34.2,26.6,0.0
107380,99999,19911206,27.5,24.8,,,6.3,2.7,6.0,,33.3,24.3,0.0
107380,99999,19911207,30.5,27.0,,,6.9,1.9,6.0,,33.8,25.9,0.0
107380,99999,19911208,32.4,29.9,,,3.6,1.7,4.1,,34.0,30.2,0.0
107380,99999,19911209,28.5,22.6,,,5.6,7.7,14.0,,33.3,19.4,0.0
107380,99999,19911210,16.8,7.2,,,6.9,6.8,13.0,,24.1,14.0,0.0
107380,99999,19911211,19.3,13.5,,,6.4,1.7,12.0,,30.2,12.0,0.0
107380,99999,19911212,19.2,16.0,,,4.3,0.9,11.1,,33.3,12.0,0.0
107380,99999,19911213,18.0,15.6,,,3.1,0.9,2.9,,30.2,10.4,0.0
107380,99999,19911214,19.5,15.5,,,4.3,0.4,1.9,,33.8,10.4,0.0
107380,99999,19911215,18.8,15.3,,,5.1,0.6,2.9,,32.4,8.6,0.0
107380,99999,19911216,25.4,20.6,,,5.7,0.8,2.9,,35.6,14.0,0.0
107380,99999,19911217,36.9,33.9,,,5.9,3.9,8.9,,43.0,28.2,0.06
107380,99999,19911218,39.2,34.9,,,6.8,12.3,27.0,39.0,44.8,34.9,0.43
107380,99999,19911219,41.6,36.9,,,7.2,12.8,24.1,38.1,50.0,35.1,0.28
107380,99999,19911220,37.7,31.8,,,7.3,14.7,22.0,38.1,49.3,32.0,0.08
107380,99999,19911221,37.1,34.3,,,5.5,12.1,19.0,28.9,48.2,32.0,0.03
107380,99999,19911222,50.4,46.9,,,6.2,13.5,18.1,28.9,51.8,40.3,0.48
107380,99999,19911223,48.1,41.6,,,7.7,10.2,18.1,27.0,51.8,44.4,0.1
107380,99999,19911224,38.5,32.2,,,7.5,11.5,21.0,33.0,48.4,32.9,0.07
107380,99999,19911225,34.6,31.3,,,7.2,5.4,9.9,,37.4,30.2,0.03
107380,99999,19911226,33.0,28.8,,,6.3,10.7,20.0,27.0,36.1,24.8,0.03
107380,99999,19911227,38.3,34.2,1026.6,975.1,9.3,13.2,19.0,27.0,39.9,33.8,0.12
107380,99999,19911228,31.4,28.8,1032.2,979.8,8.8,2.6,6.0,,38.7,23.0,0.0
107380,99999,19911229,27.8,25.9,,,4.3,1.0,4.1,,34.7,19.4,0.0
107380,99999,19911230,33.6,30.5,,,5.5,1.9,6.0,,35.6,32.0,0.0
107380,99999,19911231,31.1,28.1,,,6.8,3.8,7.0,,34.2,28.4,0.0
107380,99999,19920101,29.2,26.8,,,3.3,2.5,5.1,,34.2,26.6,0.0
107380,99999,19920102,29.9,27.5,,,3.3,1.2,2.9,,39.2,24.8,0.0
107380,99999,19920103,29.1,24.7,1036.4,982.9,8.3,1.8,7.0,,48.2,21.0,0.0
107380,99999,19920104,36.8,28.8,,,5.9,7.6,15.9,,46.6,20.5,0.0
107380,99999,19920105,44.4,37.9,,,6.9,10.9,15.9,25.1,48.2,41.0,0.03
107380,99999,19920106,42.9,34.6,,,6.4,3.3,9.9,,51.8,30.2,0.0
107380,99999,19920107,32.4,29.5,,,6.3,1.6,8.0,,43.2,26.6,0.0
107380,99999,19920108,39.2,30.9,,,6.3,3.0,8.9,,51.8,27.3,0.0
107380,99999,19920109,47.5,38.4,,,6.8,4.1,8.9,,57.4,39.2,0.0
107380,99999,19920110,40.4,39.0,,,3.8,5.1,8.0,,47.8,37.4,0.04
107380,99999,19920111,37.7,34.6,,,5.5,3.1,7.0,,41.0,35.1,0.52
107380,99999,19920112,35.3,31.8,,,7.4,3.0,5.1,,37.9,32.0,0.0
107380,99999,19920113,34.8,31.9,,,4.7,2.2,7.0,,37.4,30.2,0.0
107380,99999,19920114,33.4,26.6,,,7.1,2.5,5.1,,41.0,30.0,0.52
107380,99999,19920115,37.3,34.2,,,4.7,4.1,6.0,,39.2,35.4,0.01
107380,99999,19920116,35.8,30.4,,,7.0,4.8,9.9,,37.6,34.9,0.0
107380,99999,19920117,36.1,30.6,,,7.2,4.0,9.9,,39.9,31.8,0.0
107380,99999,19920118,31.6,27.5,,,7.1,2.1,7.0,,36.5,26.4,0.0
107380,99999,19920119,32.8,28.9,,,5.5,4.3,9.9,,39.2,26.6,0.0
107380,99999,19920120,31.4,29.4,,,3.5,6.9,15.0,,34.5,21.2,0.09
107380,99999,19920121,19.8,12.6,,,6.5,12.1,15.9,,30.6,16.9,0.05
107380,99999,19920122,22.9,17.1,,,6.4,5.3,13.0,,26.6,19.4,0.0
107380,99999,19920123,26.6,22.2,,,4.2,1.9,4.1,,35.6,19.4,0.0
107380,99999,19920124,24.6,20.8,,,2.5,1.3,4.1,,37.4,15.8,0.0
107380,99999,19920125,22.6,22.4,1037.5,983.8,0.4,1.1,1.9,,30.7,19.4,0.0
107380,99999,19920126,23.4,23.1,,,0.9,2.1,5.1,,26.6,21.2,0.0
107380,99999,19920127,28.8,25.3,,,5.1,5.7,11.1,,32.0,23.7,0.0
107380,99999,19920128,29.5,23.9,,,6.5,8.1,9.9,,31.5,26.6,0.0
107380,99999,19920129,31.9,24.8,,,6.0,4.7,8.9,,44.6,23.0,0.0
107380,99999,19920130,30.4,26.7,,,3.0,2.8,7.0,,44.6,21.2,0.0
107380,99999,19920131,27.9,27.2,,,0.9,1.0,2.9,,35.6,23.0,0.0
107380,99999,19920201,25.7,24.8,,,0.7,1.2,4.1,,36.3,17.6,0.0
107380,99999,19920202,25.2,25.2,,,0.1,0.9,2.9,,29.1,21.2,0.0
107380,99999,19920203,31.6,27.6,,,5.6,6.7,15.9,,43.0,19.4,0.0
107380,99999,19920204,34.7,31.4,1015.3,964.1,4.4,7.6,13.0,,37.4,31.6,0.11
107380,99999,19920205,38.8,36.7,,,6.2,7.4,14.0,,45.3,32.0,0.43
107380,99999,19920206,39.7,36.3,,,6.2,3.9,8.9,,43.0,28.4,0.15
107380,99999,19920207,32.1,31.5,,,1.3,1.2,2.9,,40.5,26.6,0.0
107380,99999,19920208,31.7,29.7,,,3.1,0.9,2.9,,48.2,22.8,0.0
107380,99999,19920209,36.7,29.3,,,6.2,3.0,9.9,,53.6,24.1,0.0
107380,99999,19920210,39.8,32.8,,,7.2,9.7,17.1,,43.3,32.5,0.02
107380,99999,19920211,39.9,34.1,,,7.7,7.3,11.1,,44.6,35.6,0.0
107380,99999,19920212,48.0,43.3,1014.6,964.9,10.1,5.7,9.9,,53.8,39.2,0.09
107380,99999,19920213,42.0,38.9,,,6.6,5.3,13.0,,50.9,36.5,0.01
107380,99999,19920214,40.5,32.4,,,7.5,6.4,13.0,,46.4,33.8,0.04
107380,99999,19920215,42.1,35.0,,,7.8,9.1,19.0,28.9,48.2,33.8,0.0
107380,99999,19920216,37.4,28.9,,,7.2,11.3,20.0,28.0,46.9,32.0,0.01
107380,99999,19920217,29.8,26.4,1021.4,969.4,5.0,10.1,17.1,25.1,34.3,23.0,0.0
107380,99999,19920218,24.2,18.8,,,6.7,3.2,6.0,,28.6,20.5,0.06
107380,99999,19920219,21.5,15.9,,,5.9,1.7,6.0,,32.4,12.2,0.0
107380,99999,19920220,27.3,22.0,,,6.3,1.7,2.9,,32.0,19.6,0.0
107380,99999,19920221,33.1,27.8,,,5.3,2.9,6.0,,37.4,28.9,0.0
107380,99999,19920222,37.2,30.7,,,5.6,3.4,8.0,,43.0,32.9,0.0
107380,99999,19920223,41.6,27.6,,,6.5,6.0,13.0,,50.7,35.6,0.0
107380,99999,19920224,41.8,35.2,,,6.0,2.5,7.0,,50.7,30.2,0.0
107380,99999,19920225,37.1,33.4,,,3.5,1.2,2.9,,46.4,29.7,0.0
107380,99999,19920226,40.0,34.2,,,4.9,1.3,4.1,,50.0,31.6,0.0
107380,99999,19920227,39.7,32.9,,,4.3,2.2,7.0,,55.4,28.4,0.0
107380,99999,19920228,39.8,32.7,,,3.9,1.2,4.1,,55.4,29.3,0.0
107380,99999,19920229,40.9,31.4,,,4.6,1.1,4.1,,59.5,27.9,0.0
107380,99999,19920301,42.8,30.4,,,5.5,1.8,7.0,,62.6,27.9,0.0
107380,99999,19920302,41.5,31.9,,,6.9,8.7,20.0,28.9,55.4,32.5,0.0
107380,99999,19920303,43.2,29.3,,,6.5,6.2,11.1,,51.8,32.0,0.02
107380,99999,19920304,48.1,34.3,,,6.8,2.3,6.0,,60.8,35.6,0.0
107380,99999,19920305,45.4,37.1,,,6.1,2.7,8.9,,60.1,31.6,0.0
107380,99999,19920306,45.8,37.1,,,6.3,5.7,15.9,,55.4,33.8,0.0
107380,99999,19920307,39.1,30.7,,,5.5,2.4,7.0,,53.6,26.6,0.0
107380,99999,19920308,40.7,32.5,,,5.2,1.8,4.1,,53.6,26.6,0.0
107380,99999,19920309,42.7,33.4,,,4.2,2.0,6.0,,55.4,31.5,0.0
107380,99999,19920310,43.9,33.4,,,4.2,2.4,6.0,,59.7,27.9,0.0
107380,99999,19920311,42.2,27.5,1025.3,974.6,8.1,10.8,18.1,27.0,50.5,35.6,0.0
107380,99999,19920312,42.6,29.8,,,8.2,15.1,22.0,38.1,48.2,37.0,0.0
107380,99999,19920313,45.4,39.6,,,7.4,19.4,25.1,40.0,48.2,42.8,0.02
107380,99999,19920314,40.5,33.6,,,7.4,13.4,28.0,45.1,48.2,36.9,0.22
107380,99999,19920315,40.3,36.6,,,6.8,8.7,14.0,,43.0,33.8,0.02
107380,99999,19920316,35.9,27.2,,,7.1,6.2,9.9,,41.0,32.0,0.36
107380,99999,19920317,38.4,29.7,,,6.7,1.8,4.1,,48.2,30.2,0.0
107380,99999,19920318,41.2,30.9,,,6.1,2.1,5.1,,57.2,28.0,0.0
107380,99999,19920319,43.8,37.1,,,5.1,3.9,13.0,,56.3,30.2,0.0
107380,99999,19920320,49.8,39.4,,,5.5,7.0,13.0,,55.4,44.4,0.0
107380,99999,19920321,49.6,41.3,,,5.7,12.2,25.1,41.0,59.0,37.4,0.01
107380,99999,19920322,41.6,37.0,,,7.6,14.4,24.1,35.9,46.8,37.0,0.05
107380,99999,19920323,40.7,36.7,,,7.4,4.7,8.9,35.0,46.4,37.4,0.52
107380,99999,19920324,35.3,33.6,,,4.6,4.7,8.0,,42.8,32.0,0.06
107380,99999,19920325,35.1,32.6,,,4.5,7.3,12.0,,39.2,32.0,0.46
107380,99999,19920326,37.6,27.8,,,6.9,5.1,8.9,,44.6,30.2,0.06
107380,99999,19920327,37.5,29.1,,,7.0,3.8,9.9,,46.4,30.6,0.0
107380,99999,19920328,35.5,29.9,,,5.6,10.7,17.1,,41.0,31.3,0.06
107380,99999,19920329,35.5,32.2,,,5.4,4.8,11.1,,39.2,31.6,0.08
107380,99999,19920330,43.2,33.6,,,6.6,3.7,8.9,,55.4,32.0,0.07
107380,99999,19920331,45.2,34.1,,,6.9,6.3,11.1,,59.7,32.9,0.0
107380,99999,19920401,40.9,33.8,989.3,939.8,7.2,6.1,11.1,21.0,50.4,33.8,0.06
107380,99999,19920402,43.1,30.8,,,7.3,5.1,12.0,,53.6,29.8,0.01
107380,99999,19920403,43.0,37.0,,,7.1,4.3,8.0,,50.0,37.4,0.0
107380,99999,19920404,41.8,38.0,,,6.2,2.5,5.1,,45.1,39.0,0.15
107380,99999,19920405,40.0,33.5,,,5.6,5.8,11.1,21.0,43.9,33.8,0.16
107380,99999,19920406,38.2,28.8,,,5.9,2.6,7.0,,49.1,25.7,0.05
107380,99999,19920407,40.0,31.3,,,6.4,3.7,11.1,,50.5,28.4,0.0
107380,99999,19920408,44.7,28.4,,,6.2,8.7,18.1,25.1,57.2,34.7,0.0
107380,99999,19920409,45.4,27.7,,,6.4,8.4,17.1,25.1,55.4,35.6,0.0
107380,99999,19920410,46.3,29.7,,,6.4,5.5,13.0,,57.7,30.9,0.0
107380,99999,19920411,47.0,28.0,,,6.3,3.5,8.9,,59.0,32.0,0.0
107380,99999,19920412,50.9,32.0,,,6.4,3.9,14.0,,64.8,33.8,0.0
107380,99999,19920413,48.7,32.4,,,6.6,11.1,20.0,28.0,59.7,39.2,0.0
107380,99999,19920414,49.8,31.5,,,7.4,8.2,17.1,26.0,59.0,39.6,0.02
107380,99999,19920415,47.5,33.7,,,7.3,12.1,28.0,42.0,55.0,39.2,0.0
107380,99999,19920416,38.5,31.9,,,7.5,10.6,18.1,,47.5,33.1,0.13
107380,99999,19920417,37.8,26.6,,,6.9,5.2,8.9,,44.6,30.2,0.0
107380,99999,19920418,42.1,38.7,,,6.1,5.2,9.9,,46.8,35.6,0.01
107380,99999,19920419,50.9,46.0,,,5.9,7.7,15.0,,60.1,45.5,0.04
107380,99999,19920420,45.0,30.7,,,6.5,4.5,8.0,,51.8,35.6,0.11
107380,99999,19920421,48.0,29.8,,,6.7,3.3,7.0,,63.9,30.2,0.0
107380,99999,19920422,53.5,39.3,,,8.3,6.5,18.1,27.0,66.2,39.0,0.0
107380,99999,19920423,48.0,43.5,,,6.6,5.6,11.1,,60.1,42.3,0.0
107380,99999,19920424,55.8,43.5,,,5.3,3.1,9.9,17.1,71.6,40.6,0.1
107380,99999,19920425,63.1,41.8,,,6.5,6.1,18.1,25.1,80.6,45.5,0.0
107380,99999,19920426,61.7,46.6,,,6.7,5.5,12.0,,73.4,50.0,0.0
107380,99999,19920427,54.4,47.2,,,7.3,6.6,15.0,25.1,67.5,44.6,0.08
107380,99999,19920428,51.1,44.9,,,7.3,5.0,13.0,,62.6,41.0,0.12
107380,99999,19920429,45.1,38.7,,,7.9,5.2,11.1,,54.0,37.4,0.07
107380,99999,19920430,47.0,37.6,,,6.3,2.5,8.0,,57.2,37.4,4.08
107380,99999,19920501,49.6,41.1,,,6.6,4.9,15.9,26.0,65.1,34.7,0.0
107380,99999,19920502,47.7,45.4,,,4.7,4.2,8.9,,52.2,43.9,0.29
107380,99999,19920503,47.9,41.7,,,5.2,3.4,6.0,,51.8,43.9,0.17
107380,99999,19920504,52.3,42.3,,,7.1,4.7,8.9,,56.3,45.7,0.0
107380,99999,19920505,52.4,42.0,,,6.7,3.3,8.0,,57.7,42.8,0.0
107380,99999,19920506,53.9,40.2,,,5.9,2.5,6.0,,65.1,41.0,0.0
107380,99999,19920507,55.3,41.6,,,5.5,2.4,8.0,,68.4,39.2,0.0
107380,99999,19920508,58.4,44.9,,,6.9,8.6,15.9,,68.0,48.2,0.0
107380,99999,19920509,55.4,42.6,,,7.1,8.0,14.0,,62.6,47.5,0.0
107380,99999,19920510,55.6,45.2,,,9.6,7.2,13.0,,62.6,48.2,0.03
107380,99999,19920511,53.5,42.4,,,8.5,10.2,25.1,42.9,60.8,41.0,0.02
107380,99999,19920512,52.9,38.1,,,7.3,3.2,8.0,,66.9,38.7,0.06
107380,99999,19920513,60.6,44.3,1027.2,977.5,8.9,2.5,6.0,,77.0,33.6,0.0
107380,99999,19920514,66.4,45.6,,,6.9,4.5,12.0,,81.7,48.2,0.0
107380,99999,19920515,66.5,48.0,,,8.2,3.0,6.0,,81.3,47.8,0.0
107380,99999,19920516,67.4,50.3,,,6.7,4.4,9.9,,80.6,50.0,0.0
107380,99999,19920517,62.5,44.1,,,6.6,6.3,9.9,,75.6,53.6,0.0
107380,99999,19920518,59.2,41.3,,,7.0,6.7,12.0,26.0,69.8,46.4,0.0
107380,99999,19920519,58.9,39.4,,,7.0,10.5,19.0,26.0,69.8,46.4,0.0
107380,99999,19920520,60.9,39.7,,,7.2,12.2,20.0,25.1,71.6,49.5,0.0
107380,99999,19920521,59.2,40.6,,,7.0,3.4,9.9,,73.6,42.4,0.0
107380,99999,19920522,60.7,44.7,,,5.6,3.6,9.9,,72.7,42.4,0.08
107380,99999,19920523,63.6,44.5,,,6.8,5.0,13.0,,77.5,45.9,0.0
107380,99999,19920524,61.1,50.1,,,7.6,3.5,12.0,28.9,75.2,51.3,0.0
107380,99999,19920525,64.3,51.0,,,7.4,2.0,5.1,,75.2,49.3,0.46
107380,99999,19920526,61.3,53.3,,,7.1,3.4,17.1,,75.9,53.1,0.0
107380,99999,19920527,62.3,47.9,,,6.4,4.4,8.9,,71.6,54.9,0.21
107380,99999,19920528,63.6,44.3,,,6.5,6.4,12.0,28.9,74.1,51.1,0.0
107380,99999,19920529,60.0,43.6,,,6.6,3.6,11.1,,70.2,50.0,0.0
107380,99999,19920530,63.4,51.2,,,6.0,3.8,9.9,,74.5,53.6,0.0
107380,99999,19920531,65.3,47.1,,,6.5,3.3,8.9,,76.3,51.1,0.0
107380,99999,19920601,65.9,55.0,,,7.3,3.3,8.9,,75.2,55.4,0.04
107380,99999,19920602,68.1,56.3,,,7.3,3.3,12.0,,77.4,60.3,0.0
107380,99999,19920603,59.6,54.1,,,5.0,5.7,11.1,,70.7,55.4,0.04
107380,99999,19920604,59.9,52.3,,,6.4,6.4,9.9,,68.5,54.7,2.13
107380,99999,19920605,56.2,52.5,,,4.6,3.6,11.1,,62.6,53.6,0.0
107380,99999,19920606,57.5,50.0,,,7.1,3.1,11.1,,68.0,51.3,0.41
107380,99999,19920607,58.5,47.5,,,6.8,3.4,9.9,,68.0,47.8,0.07
107380,99999,19920608,55.6,51.8,,,6.2,3.1,9.9,,65.5,51.8,0.13
107380,99999,19920609,57.3,51.9,,,7.1,2.2,7.0,,64.4,49.8,0.48
107380,99999,19920610,58.1,51.5,,,5.0,3.6,11.1,,69.8,48.2,0.0
107380,99999,19920611,57.3,47.0,,,5.6,4.4,11.1,,66.2,48.2,0.02
107380,99999,19920612,58.2,47.6,,,6.4,4.4,8.9,,68.0,47.8,0.0
107380,99999,19920613,61.1,54.1,,,3.5,3.8,8.0,,69.8,53.6,0.01
107380,99999,19920614,62.8,53.3,,,4.2,1.8,5.1,,82.4,50.0,0.0
107380,99999,19920615,66.5,52.4,,,6.3,3.4,8.9,,78.8,50.0,0.0
107380,99999,19920616,68.5,53.7,,,6.4,5.2,11.1,,78.8,54.5,0.0
107380,99999,19920617,64.5,54.3,,,6.8,6.8,12.0,20.0,73.6,57.2,0.0
107380,99999,19920618,61.6,48.3,,,6.6,5.4,12.0,,71.1,51.1,0.0
107380,99999,19920619,50.2,47.6,,,4.3,5.5,11.1,,65.7,46.4,1.06
107380,99999,19920620,56.8,52.7,,,4.3,3.2,13.0,,64.4,51.1,0.44
107380,99999,19920621,61.5,51.0,,,6.7,3.5,8.9,,69.8,53.6,0.06
107380,99999,19920622,64.0,50.0,,,6.5,4.9,8.9,,73.4,51.8,0.0
107380,99999,19920623,62.8,55.8,,,5.9,3.1,22.0,48.0,73.4,57.2,0.0
107380,99999,19920624,64.9,56.9,,,6.6,3.9,12.0,,73.4,54.9,2.12
107380,99999,19920625,61.3,56.5,,,4.8,4.2,7.0,,67.8,57.2,0.15
107380,99999,19920626,62.4,56.2,,,4.5,3.1,14.0,25.1,71.6,57.2,0.01
107380,99999,19920627,63.0,50.6,,,5.1,2.9,8.0,25.1,75.2,50.0,0.15
107380,99999,19920628,64.1,48.1,,,7.0,4.6,13.0,,75.2,50.0,0.0
107380,99999,19920629,65.4,50.3,,,7.5,2.0,5.1,,78.8,49.6,0.0
107380,99999,19920630,69.6,54.5,,,6.9,3.6,9.9,,82.4,53.6,0.0
107380,99999,19920701,66.7,54.4,,,7.7,4.1,8.9,,75.2,60.4,0.0
107380,99999,19920702,65.7,56.6,,,6.9,3.7,9.9,,72.3,60.8,0.0
107380,99999,19920703,65.5,57.9,,,6.3,2.0,8.9,26.0,77.0,56.1,0.0
107380,99999,19920704,60.7,54.9,,,5.9,3.9,14.0,,68.4,58.3,1.23
107380,99999,19920705,58.7,54.2,,,6.6,2.8,6.0,,64.0,55.4,0.38
107380,99999,19920706,59.5,54.3,,,6.8,4.2,9.9,,64.6,55.2,0.07
107380,99999,19920707,57.9,54.0,,,4.1,4.2,8.0,,63.3,56.8,0.0
107380,99999,19920708,62.3,54.6,,,6.0,3.1,6.0,,69.3,57.0,0.03
107380,99999,19920709,64.2,55.6,,,5.3,2.4,7.0,,77.0,51.8,0.0
107380,99999,19920710,62.6,56.6,,,6.5,3.5,9.9,,71.6,59.0,0.12
107380,99999,19920711,60.7,53.0,,,6.8,5.1,9.9,,66.7,55.4,0.48
107380,99999,19920712,60.4,52.5,,,7.3,6.1,16.9,,68.9,55.4,0.04
107380,99999,19920713,64.0,51.3,,,8.1,3.8,8.9,,73.4,53.6,0.07
107380,99999,19920714,65.4,53.4,,,7.5,7.0,15.0,,74.1,55.4,0.0
107380,99999,19920715,65.1,57.8,,,7.5,3.6,7.0,,71.1,60.8,0.02
107380,99999,19920716,68.8,58.5,,,7.3,2.2,7.0,,77.0,60.8,0.0
107380,99999,19920717,69.0,59.5,,,7.0,3.6,14.0,,82.4,55.4,0.31
107380,99999,19920718,65.3,54.9,,,7.8,3.6,8.0,,71.6,57.2,0.0
107380,99999,19920719,69.3,56.6,,,7.3,2.2,7.0,,82.4,53.6,0.0
107380,99999,19920720,74.3,59.3,,,6.4,2.1,5.1,,87.8,58.6,0.0
107380,99999,19920721,74.0,62.9,,,7.1,5.4,22.9,38.1,88.2,64.0,0.0
107380,99999,19920722,65.8,56.7,,,7.7,4.5,8.9,38.1,75.2,58.5,1.54
107380,99999,19920723,66.8,53.6,,,6.6,3.1,8.0,,78.4,51.8,0.0
107380,99999,19920724,70.6,59.8,,,6.2,2.8,6.0,,81.1,58.5,0.0
107380,99999,19920725,68.1,55.1,,,6.7,3.7,7.0,,78.1,59.0,0.0
107380,99999,19920726,67.7,54.0,,,6.8,2.4,7.0,,79.2,54.5,0.0
107380,99999,19920727,70.3,54.1,,,7.0,6.8,19.0,,84.2,55.4,0.0
107380,99999,19920728,62.2,43.3,,,8.2,4.5,8.9,,76.5,53.1,0.0
107380,99999,19920729,67.6,51.1,,,7.9,4.1,8.9,,82.8,50.0,0.0
107380,99999,19920730,77.2,59.2,,,6.4,2.9,9.9,,91.4,62.6,0.0
107380,99999,19920731,70.5,60.6,,,6.8,3.1,17.9,26.0,87.8,62.6,0.0
107380,99999,19920801,70.4,61.5,,,6.7,2.8,8.0,25.1,82.8,61.9,0.29
107380,99999,19920802,72.9,63.0,,,6.8,3.3,13.0,,84.2,62.2,0.41
107380,99999,19920803,75.1,61.8,,,6.6,4.9,16.9,,87.8,62.6,0.04
107380,99999,19920804,68.2,52.0,,,6.9,5.4,8.9,,81.1,57.2,0.0
107380,99999,19920805,68.1,53.5,,,8.2,1.8,4.1,,82.4,51.8,0.0
107380,99999,19920806,72.3,58.1,,,6.8,2.8,7.0,,84.2,59.0,0.0
107380,99999,19920807,75.9,60.9,1021.2,972.7,7.7,1.8,5.8,,91.4,60.3,0.0
107380,99999,19920808,79.4,63.3,,,6.4,2.3,5.1,,93.2,65.8,0.0
107380,99999,19920809,77.8,61.0,,,6.5,2.6,6.0,,90.3,64.0,0.0
107380,99999,19920810,63.9,56.2,,,6.9,5.9,15.0,,87.4,57.2,0.0
107380,99999,19920811,63.2,52.9,,,6.9,4.5,15.9,,73.4,54.9,0.28
107380,99999,19920812,63.2,50.7,,,7.2,4.6,9.9,,75.2,52.9,0.44
107380,99999,19920813,62.8,50.3,,,7.8,9.4,20.0,28.9,69.8,54.7,0.0
107380,99999,19920814,60.0,52.8,,,7.7,5.6,15.9,26.0,63.7,53.6,0.04
107380,99999,19920815,58.7,49.6,,,6.2,2.6,5.8,,68.0,48.2,0.09
107380,99999,19920816,62.7,50.9,,,6.3,2.0,8.0,,75.9,47.5,0.0
107380,99999,19920817,67.5,54.4,,,7.1,4.0,10.9,,79.7,53.6,0.0
107380,99999,19920818,72.8,59.0,,,6.6,2.9,7.0,,86.9,59.0,0.0
107380,99999,19920819,76.1,59.3,,,6.8,4.4,9.9,,87.1,62.1,0.0
107380,99999,19920820,73.6,62.4,,,6.7,3.4,11.8,23.9,87.8,64.4,0.0
107380,99999,19920821,68.9,59.4,,,7.3,3.9,10.9,,77.2,60.8,0.05
107380,99999,19920822,66.9,60.1,,,6.5,2.7,7.0,,77.5,58.8,0.48
107380,99999,19920823,64.8,57.3,,,7.3,6.7,16.9,28.0,72.1,60.4,0.18
107380,99999,19920824,65.1,56.2,,,7.6,4.8,15.0,,72.3,55.4,0.11
107380,99999,19920825,71.6,57.1,,,7.1,4.1,9.9,,86.0,57.2,0.0
107380,99999,19920826,71.9,58.4,,,7.4,4.2,15.9,26.0,88.7,57.2,0.0
107380,99999,19920827,70.7,59.1,,,6.5,4.0,8.9,26.0,83.1,60.6,0.01
107380,99999,19920828,75.0,58.9,,,7.0,3.0,8.0,,90.1,60.6,0.0
107380,99999,19920829,67.3,56.0,,,7.3,5.6,15.9,25.1,82.8,59.0,0.0
107380,99999,19920830,64.7,53.0,,,7.6,4.5,9.9,,73.9,57.2,0.07
107380,99999,19920831,57.2,53.2,,,5.7,4.2,11.1,,68.5,51.8,0.01
107380,99999,19920901,52.5,44.6,,,6.9,10.1,19.8,35.9,59.0,44.6,1.04
107380,99999,19920902,59.4,45.2,,,7.6,5.0,15.9,,70.2,44.6,0.12
107380,99999,19920903,59.6,52.0,,,8.4,10.1,17.9,25.1,66.2,53.6,0.1
107380,99999,19920904,51.0,45.3,,,7.4,9.0,22.0,31.1,59.7,46.4,0.08
107380,99999,19920905,49.7,40.3,,,7.0,10.6,16.9,,58.1,42.8,0.17
107380,99999,19920906,49.5,38.5,,,6.8,2.8,5.1,,61.2,37.4,0.0
107380,99999,19920907,55.3,44.2,,,6.8,2.5,8.9,,70.2,38.3,0.0
107380,99999,19920908,57.9,47.0,,,7.5,3.7,8.0,,63.7,50.0,0.02
107380,99999,19920909,56.4,44.7,,,6.4,2.0,5.1,,66.6,42.6,0.0
107380,99999,19920910,61.2,50.5,,,6.8,2.3,5.1,,69.8,54.7,0.01
107380,99999,19920911,63.9,52.9,,,6.1,4.0,11.1,,77.0,53.6,0.0
107380,99999,19920912,60.4,48.2,,,6.9,3.8,11.1,,66.0,54.9,0.05
107380,99999,19920913,62.0,49.3,,,7.1,3.9,17.9,,73.6,50.0,0.0
107380,99999,19920914,57.4,52.0,,,6.9,5.1,12.0,,66.2,53.6,0.16
107380,99999,19920915,59.0,51.5,,,6.6,4.0,9.9,,68.5,50.0,0.17
107380,99999,19920916,59.5,51.0,,,6.6,2.1,6.0,,71.6,47.7,0.0
107380,99999,19920917,60.1,52.3,,,4.7,1.8,4.1,,75.2,47.3,0.0
107380,99999,19920918,61.3,53.5,,,4.8,2.6,8.9,,74.1,48.2,0.0
107380,99999,19920919,58.7,55.6,,,2.6,2.1,6.0,,64.4,51.8,0.0
107380,99999,19920920,57.3,54.0,,,2.6,2.3,7.0,,68.0,51.1,0.37
107380,99999,19920921,60.1,52.6,,,5.2,2.2,5.8,,73.9,48.2,0.0
107380,99999,19920922,62.5,52.9,,,5.9,4.7,15.9,,81.3,50.2,0.0
107380,99999,19920923,58.0,51.3,,,7.0,3.2,6.0,,65.7,48.2,0.16
107380,99999,19920924,55.7,48.6,,,7.4,2.0,4.1,,64.6,48.2,0.09
107380,99999,19920925,54.6,50.0,,,4.1,3.4,9.9,,65.1,46.4,0.0
107380,99999,19920926,55.9,47.9,,,4.1,2.4,8.9,,73.9,41.0,0.0
107380,99999,19920927,60.2,50.7,,,5.5,3.0,8.9,,77.4,45.9,0.0
107380,99999,19920928,55.1,50.2,,,6.4,2.9,14.0,,64.8,48.2,0.0
107380,99999,19920929,54.1,51.1,,,6.0,2.8,7.0,,55.9,51.1,0.11
107380,99999,19920930,57.2,50.1,,,7.1,3.4,8.9,,63.1,52.7,0.44
107380,99999,19921001,56.8,51.6,,,5.9,1.8,5.8,,62.6,51.8,0.09
107380,99999,19921002,55.1,51.6,,,3.1,1.2,2.9,,57.6,53.4,0.24
107380,99999,19921003,54.5,50.2,,,4.5,4.4,9.9,,59.0,51.1,0.02
107380,99999,19921004,54.0,47.2,,,6.4,10.4,16.9,,60.8,50.0,0.0
107380,99999,19921005,55.3,50.1,,,6.2,5.7,11.1,,62.6,47.7,0.21
107380,99999,19921006,51.9,49.4,,,2.4,4.0,8.9,,59.0,50.0,0.0
107380,99999,19921007,51.6,48.1,,,5.7,2.1,4.1,,55.4,48.2,0.26
107380,99999,19921008,53.9,49.1,,,5.2,2.9,7.0,,57.7,51.8,0.11
107380,99999,19921009,53.5,47.7,,,4.5,3.4,8.9,,59.2,46.4,0.0
107380,99999,19921010,47.3,43.0,,,5.1,6.8,12.0,,52.9,33.4,0.17
107380,99999,19921011,47.3,40.5,,,7.2,4.3,8.0,,53.6,37.4,0.0
107380,99999,19921012,42.9,36.9,,,6.2,5.4,12.8,,51.8,35.6,0.0
107380,99999,19921013,39.5,29.5,,,6.7,4.4,12.0,,51.8,30.2,0.0
107380,99999,19921014,41.1,36.9,,,5.2,1.8,5.8,,52.2,28.4,0.0
107380,99999,19921015,46.1,36.9,,,7.6,8.2,16.9,22.9,51.8,39.2,0.0
107380,99999,19921016,41.2,34.8,,,7.2,4.0,7.0,,46.9,38.3,0.07
107380,99999,19921017,37.0,34.3,,,4.3,3.3,6.0,,41.5,33.8,0.0
107380,99999,19921018,36.9,32.4,,,5.7,4.3,11.1,,45.0,30.0,0.32
107380,99999,19921019,39.4,30.0,,,7.8,2.5,7.0,,48.9,26.6,0.32
107380,99999,19921020,44.7,38.2,,,6.6,1.9,5.1,,52.2,35.4,0.0
107380,99999,19921021,43.3,37.9,,,7.0,5.8,13.0,,48.6,35.6,0.0
107380,99999,19921022,40.7,35.9,,,7.3,7.7,12.8,,44.6,35.6,0.11
107380,99999,19921023,42.4,36.8,,,7.3,7.5,14.0,,46.4,35.6,0.02
107380,99999,19921024,40.7,36.8,,,7.5,10.7,22.9,34.0,44.6,35.4,0.15
107380,99999,19921025,45.1,41.6,,,6.3,9.6,22.0,40.0,54.1,35.2,0.61
107380,99999,19921026,42.4,38.2,,,7.5,10.6,21.0,40.0,52.0,33.8,0.94
107380,99999,19921027,40.9,38.5,,,6.3,2.3,8.9,,50.4,33.3,0.02
107380,99999,19921028,46.2,41.2,,,7.0,5.8,13.0,,52.2,41.0,0.09
107380,99999,19921029,44.6,36.8,,,8.0,10.9,23.9,41.0,51.8,41.0,0.36
107380,99999,19921030,40.3,36.8,,,7.1,3.4,7.0,,47.1,33.1,0.0
107380,99999,19921031,36.0,33.8,,,3.2,2.5,5.1,,39.2,32.0,0.0
107380,99999,19921101,35.2,33.5,,,2.5,1.6,5.1,,39.2,30.0,0.0
107380,99999,19921102,42.6,35.3,,,5.5,3.2,9.9,,51.8,37.4,0.0
107380,99999,19921103,45.6,38.9,,,6.9,6.9,12.0,,50.0,37.4,0.03
107380,99999,19921104,42.0,39.7,,,5.6,2.9,12.0,,48.6,36.9,0.0
107380,99999,19921105,45.2,40.7,,,6.9,1.8,5.1,,53.6,33.8,0.02
107380,99999,19921106,48.8,44.9,,,6.1,2.3,6.0,,55.4,42.8,0.0
107380,99999,19921107,45.4,41.4,,,4.0,3.3,6.0,,54.7,39.2,0.0
107380,99999,19921108,44.4,43.0,,,3.7,3.2,6.0,,46.6,41.0,0.0
107380,99999,19921109,43.9,40.8,,,6.2,2.8,6.0,,50.0,35.4,0.14
107380,99999,19921110,43.6,40.1,,,6.3,4.9,14.0,,51.8,33.8,0.0
107380,99999,19921111,47.1,42.3,,,9.2,9.7,25.1,46.0,53.6,41.0,0.16
107380,99999,19921112,39.9,34.2,,,6.9,9.9,20.0,46.0,48.9,33.8,0.24
107380,99999,19921113,36.1,32.7,,,7.4,5.9,12.0,,39.6,33.8,0.09
107380,99999,19921114,36.1,30.8,,,7.8,5.3,11.8,,42.8,31.6,0.05
107380,99999,19921115,40.6,39.5,,,3.6,2.0,9.9,,50.0,31.6,0.13
107380,99999,19921116,45.2,41.0,,,7.4,4.4,8.0,,48.6,41.0,0.37
107380,99999,19921117,39.3,34.0,,,7.9,9.6,24.9,38.1,44.8,35.6,0.01
107380,99999,19921118,36.7,29.8,,,6.8,8.1,14.0,19.8,43.9,32.0,0.0
107380,99999,19921119,42.6,35.4,,,8.9,12.2,21.0,34.0,48.2,34.2,0.16
107380,99999,19921120,39.0,31.4,,,7.9,8.0,21.0,33.0,42.8,30.2,0.06
107380,99999,19921121,39.1,36.6,,,6.6,1.9,7.0,,50.0,28.4,0.02
107380,99999,19921122,52.6,49.0,,,7.1,10.2,15.9,27.0,55.9,42.8,0.44
107380,99999,19921123,50.6,46.9,,,6.5,5.0,12.0,,57.2,41.9,0.24
107380,99999,19921124,40.2,36.8,,,3.7,1.5,8.9,,52.0,33.1,0.0
107380,99999,19921125,45.3,39.6,,,6.8,5.0,15.0,26.0,53.6,33.8,0.0
107380,99999,19921126,51.4,42.4,,,7.3,12.4,23.9,39.0,60.8,42.8,0.0
107380,99999,19921127,41.7,35.0,,,9.3,4.9,9.9,27.0,50.0,36.5,0.0
107380,99999,19921128,48.3,43.6,,,8.1,6.6,14.0,,52.5,36.5,0.02
107380,99999,19921129,45.6,44.1,,,5.2,1.6,5.1,,49.1,42.8,0.19
107380,99999,19921130,46.8,43.3,,,6.7,2.6,6.0,,54.1,35.6,0.19
107380,99999,19921201,45.9,40.0,,,7.1,3.3,9.9,,50.0,36.3,0.0
107380,99999,19921202,48.9,40.8,,,6.5,6.0,19.0,34.0,57.2,41.0,0.0
107380,99999,19921203,48.1,41.3,,,8.2,9.1,18.1,34.0,55.4,41.0,0.06
107380,99999,19921204,42.0,35.5,,,7.3,9.4,19.0,34.0,48.2,37.0,0.0
107380,99999,19921205,38.5,34.3,,,7.3,3.2,7.0,,45.9,33.8,0.1
107380,99999,19921206,35.5,31.9,,,6.8,3.1,7.0,,41.4,29.5,0.0
107380,99999,19921207,37.4,33.2,,,7.4,2.7,8.0,,41.7,29.3,0.01
107380,99999,19921208,36.6,34.4,,,4.8,4.3,8.9,,39.2,35.2,0.02
107380,99999,19921209,35.5,31.6,,,5.4,5.3,8.9,,37.4,33.8,0.07
107380,99999,19921210,33.8,30.0,,,4.9,4.2,8.9,,36.3,32.0,0.0
107380,99999,19921211,33.9,27.8,,,6.8,4.1,8.9,,39.4,29.5,0.0
107380,99999,19921212,36.6,34.1,,,6.1,9.5,16.9,,39.2,32.7,0.26
107380,99999,19921213,36.4,31.0,,,7.2,9.3,14.0,,38.1,35.4,0.27
107380,99999,19921214,36.7,31.0,,,7.2,6.1,15.0,,42.8,28.4,0.0
107380,99999,19921215,31.0,28.9,,,4.4,1.3,5.1,,41.0,23.0,0.0
107380,99999,19921216,32.6,30.4,,,4.6,1.5,2.9,,43.7,26.6,0.0
107380,99999,19921217,31.8,29.2,,,4.3,1.3,5.1,,41.0,25.9,0.0
107380,99999,19921218,30.1,27.2,,,5.5,2.2,5.1,,41.0,23.5,0.0
107380,99999,19921219,31.1,29.0,,,5.6,0.9,2.9,,37.4,23.0,0.0
107380,99999,19921220,40.0,35.2,,,6.5,1.5,3.9,,48.2,33.8,0.0
107380,99999,19921221,43.0,42.0,,,3.6,1.3,4.9,,47.7,40.5,0.01
107380,99999,19921222,43.0,42.2,,,1.3,1.2,2.9,,46.4,39.2,0.39
107380,99999,19921223,37.0,34.7,,,4.3,3.6,8.9,,43.3,32.0,0.0
107380,99999,19921224,33.5,30.3,,,5.1,3.3,6.0,,35.1,32.0,0.0
107380,99999,19921225,29.1,26.3,,,4.2,6.2,8.0,,33.4,23.0,0.0
107380,99999,19921226,23.4,20.6,,,4.6,3.9,7.0,,27.9,19.4,0.0
107380,99999,19921227,21.9,18.9,,,3.8,3.7,9.9,,27.7,15.8,0.0
107380,99999,19921228,25.5,17.4,,,6.5,9.1,15.9,,32.0,21.2,0.0
107380,99999,19921229,22.2,14.1,,,6.4,2.8,8.0,,30.2,15.8,0.0
107380,99999,19921230,20.1,14.6,,,6.5,0.9,4.9,,32.5,12.2,0.0
107380,99999,19921231,20.6,16.2,,,4.4,1.7,5.8,,32.5,13.5,0.0
